time_d,temperature_c,relative_humidity_pct
0.0,20.71,59.689
0.041685965724872626,20.74818,59.90535
0.08337193144974525,20.78637,60.1217
0.12505789717461788,20.82455,60.33805
0.1667438628994905,20.86274,60.5544
0.20842982862436313,20.90092,60.77075
0.25011579434923575,20.93911,60.9871
0.2918017600741084,20.97729,61.20345
0.333487725798981,21.01547,61.4198
0.3751736915238536,21.05366,61.63615
0.4168596572487262,21.09184,61.8525
0.4585456229735988,21.13003,62.06885
0.5002315886984714,21.16821,62.2852
0.541917554423344,21.2064,62.50155
0.5836035201482166,21.24458,62.7179
0.6252894858730892,21.28277,62.93425
0.6669754515979618,21.32095,63.1506
0.7086614173228344,21.35913,63.36695
0.750347383047707,21.39732,63.5833
0.7920333487725796,21.4355,63.79965
0.8337193144974522,21.47369,64.016
0.8754052802223248,21.51187,64.23235
0.9170912459471974,21.55006,64.4487
0.95877721167207,21.58824,64.66505
1.0004631773969426,21.62576,64.87856
1.0421491431218153,21.60383,64.83913
1.083835108846688,21.5819,64.79969
1.1255210745715607,21.55998,64.76026
1.1672070402964334,21.53805,64.72082
1.2088930060213061,21.51612,64.68139
1.2505789717461788,21.4942,64.64195
1.2922649374710515,21.47227,64.60252
1.3339509031959242,21.45034,64.56308
1.375636868920797,21.42842,64.52365
1.4173228346456697,21.40649,64.48421
1.4590088003705424,21.38456,64.44478
1.500694766095415,21.36263,64.40534
1.5423807318202878,21.34071,64.36591
1.5840666975451605,21.31878,64.32647
1.6257526632700332,21.29685,64.28704
1.667438628994906,21.27493,64.2476
1.7091245947197786,21.253,64.20817
1.7508105604446513,21.23107,64.16873
1.792496526169524,21.20915,64.1293
1.8341824918943967,21.18722,64.08986
1.8758684576192695,21.16529,64.05043
1.9175544233441422,21.14337,64.01099
1.9592403890690149,21.12144,63.97156
2.0009263547938874,21.09994,63.92683
2.04261232051876,21.09702,63.6492
2.084298286243633,21.0941,63.37157
2.1259842519685055,21.09118,63.09394
2.167670217693378,21.08826,62.81632
2.209356183418251,21.08535,62.53869
2.2510421491431236,21.08243,62.26106
2.2927281148679963,21.07951,61.98343
2.334414080592869,21.07659,61.7058
2.3761000463177417,21.07367,61.42817
2.4177860120426145,21.07075,61.15055
2.459471977767487,21.06784,60.87292
2.50115794349236,21.06492,60.59529
2.5428439092172326,21.062,60.31766
2.5845298749421053,21.05908,60.04003
2.626215840666978,21.05616,59.7624
2.6679018063918507,21.05325,59.48477
2.7095877721167234,21.05033,59.20715
2.751273737841596,21.04741,58.92952
2.792959703566469,21.04449,58.65189
2.8346456692913415,21.04157,58.37426
2.8763316350162142,21.03866,58.09663
2.918017600741087,21.03574,57.819
2.9597035664659597,21.03282,57.54137
3.0013895321908324,21.02838,57.26601
3.043075497915705,20.97969,57.05637
3.084761463640578,20.931,56.84673
3.1264474293654505,20.88231,56.6371
3.168133395090323,20.83362,56.42746
3.209819360815196,20.78493,56.21782
3.2515053265400686,20.73624,56.00818
3.2931912922649413,20.68755,55.79854
3.334877257989814,20.63886,55.5889
3.3765632237146868,20.59017,55.37926
3.4182491894395595,20.54148,55.16962
3.459935155164432,20.4928,54.95999
3.501621120889305,20.44411,54.75035
3.5433070866141776,20.39542,54.54071
3.5849930523390503,20.34673,54.33107
3.626679018063923,20.29804,54.12143
3.6683649837887957,20.24935,53.91179
3.7100509495136684,20.20066,53.70215
3.751736915238541,20.15197,53.49252
3.793422880963414,20.10328,53.28288
3.8351088466882866,20.05459,53.07324
3.8767948124131593,20.0059,52.8636
3.918480778138032,19.95721,52.65396
3.9601667438629047,19.90853,52.44432
4.001852709587777,19.86073,52.24539
4.04353867531265,19.83226,52.27661
4.085224641037523,19.80379,52.30783
4.1269106067623955,19.77532,52.33906
4.168596572487268,19.74685,52.37028
4.210282538212141,19.71838,52.4015
4.251968503937014,19.68991,52.43272
4.293654469661886,19.66143,52.46395
4.335340435386759,19.63296,52.49517
4.377026401111632,19.60449,52.52639
4.4187123668365045,19.57602,52.55762
4.460398332561377,19.54755,52.58884
4.50208429828625,19.51908,52.62006
4.543770264011123,19.4906,52.65128
4.585456229735995,19.46213,52.68251
4.627142195460868,19.43366,52.71373
4.668828161185741,19.40519,52.74495
4.710514126910613,19.37672,52.77618
4.752200092635486,19.34825,52.8074
4.793886058360359,19.31978,52.83862
4.835572024085232,19.2913,52.86984
4.877257989810104,19.26283,52.90107
4.918943955534977,19.23436,52.93229
4.96062992125985,19.20589,52.96351
5.002315886984722,19.18347,53.01428
5.044001852709595,19.26384,53.39727
5.085687818434468,19.34421,53.78026
5.1273737841593405,19.42458,54.16325
5.169059749884213,19.50495,54.54624
5.210745715609086,19.58532,54.92923
5.252431681333959,19.66569,55.31222
5.294117647058831,19.74606,55.69521
5.335803612783704,19.82643,56.0782
5.377489578508577,19.9068,56.46119
5.4191755442334495,19.98717,56.84418
5.460861509958322,20.06754,57.22717
5.502547475683195,20.14791,57.61015
5.544233441408068,20.22828,57.99314
5.58591940713294,20.30865,58.37613
5.627605372857813,20.38902,58.75912
5.669291338582686,20.46939,59.14211
5.7109773043075585,20.54976,59.5251
5.752663270032431,20.63013,59.90809
5.794349235757304,20.71051,60.29108
5.836035201482177,20.79088,60.67407
5.877721167207049,20.87125,61.05706
5.919407132931922,20.95162,61.44005
5.961093098656795,21.03199,61.82304
6.002779064381667,21.12039,62.16068
6.04446503010654,21.32128,61.86335
6.086150995831413,21.52216,61.56603
6.1278369615562855,21.72305,61.2687
6.169522927281158,21.92393,60.97138
6.211208893006031,22.12482,60.67405
6.252894858730904,22.3257,60.37673
6.294580824455776,22.52658,60.0794
6.336266790180649,22.72747,59.78208
6.377952755905522,22.92835,59.48475
6.4196387216303945,23.12924,59.18743
6.461324687355267,23.33012,58.8901
6.50301065308014,23.53101,58.59278
6.544696618805013,23.73189,58.29545
6.586382584529885,23.93278,57.99813
6.628068550254758,24.13366,57.7008
6.669754515979631,24.33455,57.40348
6.7114404817045035,24.53543,57.10615
6.753126447429376,24.73632,56.80883
6.794812413154249,24.9372,56.5115
6.836498378879122,25.13809,56.21418
6.878184344603994,25.33897,55.91685
6.919870310328867,25.53986,55.61953
6.96155627605374,25.74074,55.3222
7.003242241778612,25.94109,55.03446
7.044928207503485,26.13514,54.86036
7.086614173228358,26.32919,54.68626
7.128300138953231,26.52324,54.51215
7.169986104678103,26.71729,54.33805
7.211672070402976,26.91133,54.16395
7.253358036127849,27.10538,53.98985
7.295044001852721,27.29943,53.81575
7.336729967577594,27.49348,53.64165
7.378415933302467,27.68753,53.46755
7.4201018990273395,27.88157,53.29344
7.461787864752212,28.07562,53.11934
7.503473830477085,28.26967,52.94524
7.545159796201958,28.46372,52.77114
7.58684576192683,28.65777,52.59704
7.628531727651703,28.85182,52.42294
7.670217693376576,29.04586,52.24884
7.7119036591014485,29.23991,52.07473
7.753589624826321,29.43396,51.90063
7.795275590551194,29.62801,51.72653
7.836961556276067,29.82206,51.55243
7.878647522000939,30.0161,51.37833
7.920333487725812,30.21015,51.20423
7.962019453450685,30.4042,51.03013
8.003705419175557,30.59837,50.85881
8.045391384900428,30.79379,50.7161
8.0870773506253,30.98922,50.57339
8.128763316350172,31.18464,50.43068
8.170449282075044,31.38007,50.28797
8.212135247799916,31.57549,50.14525
8.253821213524787,31.77091,50.00254
8.29550717924966,31.96634,49.85983
8.337193144974531,32.16176,49.71712
8.378879110699403,32.35719,49.57441
8.420565076424275,32.55261,49.4317
8.462251042149147,32.74803,49.28898
8.503937007874018,32.94346,49.14627
8.54562297359889,33.13888,49.00356
8.587308939323762,33.3343,48.86085
8.628994905048634,33.52973,48.71814
8.670680870773506,33.72515,48.57542
8.712366836498378,33.92058,48.43271
8.75405280222325,34.116,48.29
8.795738767948121,34.31142,48.14729
8.837424733672993,34.50685,48.00458
8.879110699397865,34.70227,47.86186
8.920796665122737,34.89769,47.71915
8.962482630847608,35.09312,47.57644
9.00416859657248,35.32992,47.44039
9.045854562297352,35.93916,47.36434
9.087540528022224,36.5484,47.28828
9.129226493747096,37.15765,47.21223
9.170912459471968,37.76689,47.13617
9.21259842519684,38.37613,47.06011
9.254284390921711,38.98537,46.98406
9.295970356646583,39.59461,46.908
9.337656322371455,40.20385,46.83195
9.379342288096327,40.81309,46.75589
9.421028253821198,41.42233,46.67983
9.46271421954607,42.03157,46.60378
9.504400185270942,42.64081,46.52772
9.546086150995814,43.25005,46.45167
9.587772116720686,43.85929,46.37561
9.629458082445558,44.46853,46.29955
9.67114404817043,45.07777,46.2235
9.712830013895301,45.68701,46.14744
9.754515979620173,46.29625,46.07139
9.796201945345045,46.90549,45.99533
9.837887911069917,47.51473,45.91927
9.879573876794788,48.12397,45.84322
9.92125984251966,48.73321,45.76716
9.962945808244532,49.34245,45.69111
10.004631773969404,49.73422,45.73611
10.046317739694276,48.38622,46.74965
10.088003705419148,47.03822,47.76318
10.12968967114402,45.69023,48.77671
10.171375636868891,44.34223,49.79024
10.213061602593763,42.99423,50.80377
10.254747568318635,41.64623,51.81731
10.296433534043507,40.29823,52.83084
10.338119499768379,38.95023,53.84437
10.37980546549325,37.60223,54.8579
10.421491431218122,36.25423,55.87143
10.463177396942994,34.90623,56.88496
10.504863362667866,33.55823,57.8985
10.546549328392738,32.21023,58.91203
10.58823529411761,30.86224,59.92556
10.629921259842481,29.51424,60.93909
10.671607225567353,28.16624,61.95262
10.713293191292225,26.81824,62.96615
10.754979157017097,25.47024,63.97969
10.796665122741969,24.12224,64.99322
10.83835108846684,22.77424,66.00675
10.880037054191712,21.42624,67.02028
10.921723019916584,20.07824,68.03381
10.963408985641456,18.73024,69.04734
11.005094951366328,17.54224,69.9269
11.0467809170912,17.50326,69.84426
11.088466882816071,17.46428,69.76161
11.130152848540943,17.42531,69.67897
11.171838814265815,17.38633,69.59633
11.213524779990687,17.34735,69.51369
11.255210745715559,17.30838,69.43104
11.29689671144043,17.2694,69.3484
11.338582677165302,17.23043,69.26576
11.380268642890174,17.19145,69.18312
11.421954608615046,17.15247,69.10047
11.463640574339918,17.1135,69.01783
11.50532654006479,17.07452,68.93519
11.547012505789661,17.03554,68.85255
11.588698471514533,16.99657,68.76991
11.630384437239405,16.95759,68.68726
11.672070402964277,16.91861,68.60462
11.713756368689149,16.87964,68.52198
11.75544233441402,16.84066,68.43934
11.797128300138892,16.80169,68.35669
11.838814265863764,16.76271,68.27405
11.880500231588636,16.72373,68.19141
11.922186197313508,16.68476,68.10877
11.96387216303838,16.64578,68.02612
12.005558128763251,16.60784,67.9683
12.047244094488123,16.57666,68.07178
12.088930060212995,16.54548,68.17527
12.130616025937867,16.5143,68.27875
12.172301991662739,16.48312,68.38224
12.21398795738761,16.45194,68.48573
12.255673923112482,16.42076,68.58921
12.297359888837354,16.38957,68.6927
12.339045854562226,16.35839,68.79618
12.380731820287098,16.32721,68.89967
12.42241778601197,16.29603,69.00315
12.464103751736841,16.26485,69.10664
12.505789717461713,16.23367,69.21012
12.547475683186585,16.20249,69.31361
12.589161648911457,16.17131,69.41709
12.630847614636329,16.14013,69.52058
12.6725335803612,16.10894,69.62406
12.714219546086072,16.07776,69.72755
12.755905511810944,16.04658,69.83104
12.797591477535816,16.0154,69.93452
12.839277443260688,15.98422,70.03801
12.88096340898556,15.95304,70.14149
12.922649374710431,15.92186,70.24498
12.964335340435303,15.89068,70.34846
13.006021306160175,15.85287,70.42916
13.047707271885047,15.77579,70.37486
13.089393237609919,15.69871,70.32057
13.13107920333479,15.62163,70.26627
13.172765169059662,15.54456,70.21197
13.214451134784534,15.46748,70.15768
13.256137100509406,15.3904,70.10338
13.297823066234278,15.31333,70.04909
13.33950903195915,15.23625,69.99479
13.381194997684021,15.15917,69.94049
13.422880963408893,15.08209,69.8862
13.464566929133765,15.00502,69.8319
13.506252894858637,14.92794,69.77761
13.547938860583509,14.85086,69.72331
13.58962482630838,14.77378,69.66901
13.631310792033252,14.69671,69.61472
13.672996757758124,14.61963,69.56042
13.714682723482996,14.54255,69.50613
13.756368689207868,14.46547,69.45183
13.79805465493274,14.3884,69.39753
13.839740620657611,14.31132,69.34324
13.881426586382483,14.23424,69.28894
13.923112552107355,14.15716,69.23465
13.964798517832227,14.08009,69.18035
14.006484483557099,14.01965,69.12353
14.04817044928197,14.04954,69.05304
14.089856415006842,14.07943,68.98255
14.131542380731714,14.10932,68.91206
14.173228346456586,14.1392,68.84157
14.214914312181458,14.16909,68.77108
14.25660027790633,14.19898,68.70059
14.298286243631201,14.22887,68.6301
14.339972209356073,14.25876,68.55961
14.381658175080945,14.28865,68.48912
14.423344140805817,14.31854,68.41863
14.465030106530689,14.34843,68.34813
14.50671607225556,14.37832,68.27764
14.548402037980432,14.4082,68.20715
14.590088003705304,14.43809,68.13666
14.631773969430176,14.46798,68.06617
14.673459935155048,14.49787,67.99568
14.71514590087992,14.52776,67.92519
14.756831866604792,14.55765,67.8547
14.798517832329663,14.58754,67.78421
14.840203798054535,14.61743,67.71372
14.881889763779407,14.64731,67.64322
14.923575729504279,14.6772,67.57273
14.96526169522915,14.70709,67.50224
15.006947660954022,14.72591,67.44164
15.048633626678894,14.6894,67.43051
15.090319592403766,14.65288,67.41938
15.132005558128638,14.61636,67.40825
15.17369152385351,14.57985,67.39712
15.215377489578382,14.54333,67.38599
15.257063455303253,14.50681,67.37486
15.298749421028125,14.4703,67.36373
15.340435386752997,14.43378,67.3526
15.382121352477869,14.39726,67.34147
15.42380731820274,14.36074,67.33034
15.465493283927612,14.32423,67.31921
15.507179249652484,14.28771,67.30808
15.548865215377356,14.25119,67.29695
15.590551181102228,14.21468,67.28582
15.6322371468271,14.17816,67.27469
15.673923112551972,14.14164,67.26356
15.715609078276843,14.10513,67.25243
15.757295044001715,14.06861,67.2413
15.798981009726587,14.03209,67.23017
15.840666975451459,13.99558,67.21904
15.88235294117633,13.95906,67.20791
15.924038906901202,13.92254,67.19678
15.965724872626074,13.88603,67.18565
16.007410838350946,13.86591,67.14958
16.04909680407582,13.92164,66.99813
16.090782769800693,13.97738,66.84669
16.132468735525567,14.03311,66.69524
16.17415470125044,14.08884,66.5438
16.215840666975314,14.14458,66.39235
16.257526632700188,14.20031,66.24091
16.29921259842506,14.25605,66.08946
16.340898564149935,14.31178,65.93802
16.38258452987481,14.36752,65.78657
16.424270495599682,14.42325,65.63513
16.465956461324556,14.47898,65.48368
16.50764242704943,14.53472,65.33224
16.549328392774303,14.59045,65.18079
16.591014358499176,14.64619,65.02934
16.63270032422405,14.70192,64.8779
16.674386289948924,14.75765,64.72645
16.716072255673797,14.81339,64.57501
16.75775822139867,14.86912,64.42356
16.799444187123544,14.92486,64.27212
16.841130152848418,14.98059,64.12067
16.88281611857329,15.03633,63.96923
16.924502084298165,15.09206,63.81778
16.96618805002304,15.14779,63.66634
17.007874015747912,15.20793,63.52327
17.049559981472786,15.28697,63.41618
17.09124594719766,15.366,63.30909
17.132931912922533,15.44504,63.202
17.174617878647407,15.52408,63.09491
17.21630384437228,15.60311,62.98782
17.257989810097154,15.68215,62.88072
17.299675775822028,15.76119,62.77363
17.3413617415469,15.84022,62.66654
17.383047707271775,15.91926,62.55945
17.42473367299665,15.9983,62.45236
17.466419638721522,16.07733,62.34527
17.508105604446396,16.15637,62.23818
17.54979157017127,16.2354,62.13109
17.591477535896143,16.31444,62.02399
17.633163501621016,16.39348,61.9169
17.67484946734589,16.47251,61.80981
17.716535433070764,16.55155,61.70272
17.758221398795637,16.63059,61.59563
17.79990736452051,16.70962,61.48854
17.841593330245384,16.78866,61.38145
17.883279295970258,16.8677,61.27436
17.92496526169513,16.94673,61.16726
17.966651227420005,17.02577,61.06017
18.00833719314488,17.09603,60.95828
18.050023158869752,17.13117,60.87715
18.091709124594626,17.16631,60.79603
18.1333950903195,17.20145,60.71491
18.175081056044373,17.23659,60.63379
18.216767021769247,17.27173,60.55267
18.25845298749412,17.30688,60.47155
18.300138953218994,17.34202,60.39043
18.341824918943868,17.37716,60.30931
18.38351088466874,17.4123,60.22819
18.425196850393615,17.44744,60.14707
18.46688281611849,17.48258,60.06595
18.508568781843362,17.51772,59.98483
18.550254747568236,17.55286,59.9037
18.59194071329311,17.58801,59.82258
18.633626679017983,17.62315,59.74146
18.675312644742856,17.65829,59.66034
18.71699861046773,17.69343,59.57922
18.758684576192604,17.72857,59.4981
18.800370541917477,17.76371,59.41698
18.84205650764235,17.79885,59.33586
18.883742473367224,17.83399,59.25474
18.925428439092098,17.86914,59.17362
18.96711440481697,17.90428,59.0925
19.008800370541845,17.92733,59.04883
19.05048633626672,17.90519,59.14512
19.092172301991592,17.88306,59.24142
19.133858267716466,17.86092,59.33771
19.17554423344134,17.83879,59.43401
19.217230199166213,17.81665,59.5303
19.258916164891087,17.79452,59.6266
19.30060213061596,17.77238,59.72289
19.342288096340834,17.75025,59.81919
19.383974062065707,17.72811,59.91548
19.42566002779058,17.70597,60.01177
19.467345993515455,17.68384,60.10807
19.50903195924033,17.6617,60.20436
19.550717924965202,17.63957,60.30066
19.592403890690075,17.61743,60.39695
19.63408985641495,17.5953,60.49325
19.675775822139823,17.57316,60.58954
19.717461787864696,17.55103,60.68584
19.75914775358957,17.52889,60.78213
19.800833719314443,17.50676,60.87843
19.842519685039317,17.48462,60.97472
19.88420565076419,17.46249,61.07102
19.925891616489064,17.44035,61.16731
19.967577582213938,17.41822,61.2636
20.00926354793881,17.41518,61.32783
20.050949513663685,17.479,61.27981
20.09263547938856,17.54282,61.23178
20.134321445113432,17.60665,61.18376
20.176007410838306,17.67047,61.13574
20.21769337656318,17.73429,61.08772
20.259379342288053,17.79811,61.03969
20.301065308012927,17.86193,60.99167
20.3427512737378,17.92575,60.94365
20.384437239462674,17.98957,60.89563
20.426123205187547,18.05339,60.84761
20.46780917091242,18.11722,60.79958
20.509495136637295,18.18104,60.75156
20.551181102362168,18.24486,60.70354
20.592867068087042,18.30868,60.65552
20.634553033811915,18.3725,60.60749
20.67623899953679,18.43632,60.55947
20.717924965261663,18.50014,60.51145
20.759610930986536,18.56396,60.46343
20.80129689671141,18.62779,60.41541
20.842982862436283,18.69161,60.36738
20.884668828161157,18.75543,60.31936
20.92635479388603,18.81925,60.27134
20.968040759610904,18.88307,60.22332
21.009726725335778,18.94788,60.17679
21.05141269106065,19.01596,60.13516
21.093098656785525,19.08403,60.09354
21.1347846225104,19.1521,60.05192
21.176470588235272,19.22018,60.01029
21.218156553960146,19.28825,59.96867
21.25984251968502,19.35632,59.92705
21.301528485409893,19.4244,59.88542
21.343214451134767,19.49247,59.8438
21.38490041685964,19.56054,59.80218
21.426586382584514,19.62862,59.76055
21.468272348309387,19.69669,59.71893
21.50995831403426,19.76476,59.67731
21.551644279759135,19.83284,59.63568
21.593330245484008,19.90091,59.59406
21.63501621120888,19.96898,59.55244
21.676702176933755,20.03705,59.51081
21.71838814265863,20.10513,59.46919
21.760074108383503,20.1732,59.42757
21.801760074108376,20.24127,59.38594
21.84344603983325,20.30935,59.34432
21.885132005558123,20.37742,59.3027
21.926817971282997,20.44549,59.26107
21.96850393700787,20.51357,59.21945
22.010189902732744,20.58431,59.17116
22.051875868457618,20.6633,59.10228
22.09356183418249,20.7423,59.03339
22.135247799907365,20.82129,58.9645
22.17693376563224,20.90029,58.89562
22.218619731357112,20.97928,58.82673
22.260305697081986,21.05828,58.75784
22.30199166280686,21.13727,58.68896
22.343677628531733,21.21627,58.62007
22.385363594256606,21.29526,58.55119
22.42704955998148,21.37426,58.4823
22.468735525706354,21.45325,58.41341
22.510421491431227,21.53225,58.34453
22.5521074571561,21.61124,58.27564
22.593793422880974,21.69024,58.20676
22.635479388605848,21.76923,58.13787
22.67716535433072,21.84823,58.06898
22.718851320055595,21.92722,58.0001
22.76053728578047,22.00622,57.93121
22.802223251505342,22.08521,57.86233
22.843909217230216,22.16421,57.79344
22.88559518295509,22.2432,57.72455
22.927281148679963,22.3222,57.65567
22.968967114404837,22.40119,57.58678
23.01065308012971,22.47216,57.53677
23.052339045854584,22.51972,57.54175
23.094025011579458,22.56728,57.54674
23.13571097730433,22.61485,57.55172
23.177396943029205,22.66241,57.5567
23.21908290875408,22.70997,57.56168
23.260768874478952,22.75754,57.56666
23.302454840203826,22.8051,57.57164
23.3441408059287,22.85266,57.57662
23.385826771653573,22.90023,57.58161
23.427512737378446,22.94779,57.58659
23.46919870310332,22.99536,57.59157
23.510884668828194,23.04292,57.59655
23.552570634553067,23.09048,57.60153
23.59425660027794,23.13805,57.60651
23.635942566002814,23.18561,57.6115
23.677628531727688,23.23317,57.61648
23.71931449745256,23.28074,57.62146
23.761000463177435,23.3283,57.62644
23.80268642890231,23.37587,57.63142
23.844372394627182,23.42343,57.6364
23.886058360352056,23.47099,57.64138
23.92774432607693,23.51856,57.64637
23.969430291801803,23.56612,57.65135
24.011116257526677,23.65457,57.62009
24.05280222325155,23.85545,57.4892
24.094488188976424,24.05634,57.35831
24.136174154701298,24.25722,57.22741
24.17786012042617,24.45811,57.09652
24.219546086151045,24.65899,56.96563
24.26123205187592,24.85988,56.83473
24.302918017600792,25.06076,56.70384
24.344603983325666,25.26165,56.57294
24.38628994905054,25.46253,56.44205
24.427975914775413,25.66342,56.31116
24.469661880500286,25.8643,56.18026
24.51134784622516,26.06519,56.04937
24.553033811950034,26.26607,55.91847
24.594719777674907,26.46695,55.78758
24.63640574339978,26.66784,55.65669
24.678091709124654,26.86872,55.52579
24.719777674849528,27.06961,55.3949
24.7614636405744,27.27049,55.264
24.803149606299275,27.47138,55.13311
24.84483557202415,27.67226,55.00222
24.886521537749022,27.87315,54.87132
24.928207503473896,28.07403,54.74043
24.96989346919877,28.27492,54.60953
25.011579434923643,28.41904,54.52629
25.053265400648517,28.41558,54.56693
25.09495136637339,28.41212,54.60758
25.136637332098264,28.40866,54.64822
25.178323297823137,28.4052,54.68887
25.22000926354801,28.40174,54.72951
25.261695229272885,28.39828,54.77015
25.30338119499776,28.39482,54.8108
25.345067160722632,28.39136,54.85144
25.386753126447505,28.3879,54.89208
25.42843909217238,28.38444,54.93273
25.470125057897253,28.38098,54.97337
25.511811023622126,28.37752,55.01402
25.553496989347,28.37406,55.05466
25.595182955071873,28.3706,55.0953
25.636868920796747,28.36714,55.13595
25.67855488652162,28.36368,55.17659
25.720240852246494,28.36022,55.21723
25.761926817971368,28.35676,55.25788
25.80361278369624,28.3533,55.29852
25.845298749421115,28.34984,55.33917
25.88698471514599,28.34638,55.37981
25.928670680870862,28.34292,55.42045
25.970356646595736,28.33946,55.4611
26.01204261232061,28.35771,55.50202
26.053728578045483,28.42941,55.54365
26.095414543770357,28.50111,55.58527
26.13710050949523,28.57281,55.62689
26.178786475220104,28.64451,55.66852
26.220472440944977,28.71621,55.71014
26.26215840666985,28.78791,55.75177
26.303844372394725,28.85961,55.79339
26.345530338119598,28.93131,55.83501
26.387216303844472,29.00301,55.87664
26.428902269569345,29.07471,55.91826
26.47058823529422,29.14641,55.95988
26.512274201019093,29.21811,56.00151
26.553960166743966,29.28981,56.04313
26.59564613246884,29.36151,56.08475
26.637332098193713,29.43321,56.12638
26.679018063918587,29.50491,56.168
26.72070402964346,29.57661,56.20962
26.762389995368334,29.64831,56.25125
26.804075961093208,29.72001,56.29287
26.84576192681808,29.79171,56.33449
26.887447892542955,29.86341,56.37612
26.92913385826783,29.93511,56.41774
26.970819823992702,30.00681,56.45936
27.012505789717576,30.07996,56.48539
27.05419175544245,30.1565,56.47501
27.095877721167323,30.23303,56.46463
27.137563686892197,30.30957,56.45425
27.17924965261707,30.3861,56.44387
27.220935618341944,30.46264,56.43349
27.262621584066817,30.53917,56.42311
27.30430754979169,30.61571,56.41273
27.345993515516565,30.69224,56.40235
27.387679481241438,30.76878,56.39197
27.42936544696631,30.84531,56.38159
27.471051412691185,30.92185,56.37121
27.51273737841606,30.99839,56.36083
27.554423344140933,31.07492,56.35045
27.596109309865806,31.15146,56.34007
27.63779527559068,31.22799,56.32969
27.679481241315553,31.30453,56.31931
27.721167207040427,31.38106,56.30893
27.7628531727653,31.4576,56.29855
27.804539138490174,31.53413,56.28817
27.846225104215048,31.61067,56.27779
27.88791106993992,31.6872,56.26741
27.929597035664795,31.76374,56.25703
27.97128300138967,31.84028,56.24665
28.012968967114542,31.88994,56.29573
28.054654932839416,31.8801,56.47648
28.09634089856429,31.87026,56.65723
28.138026864289163,31.86043,56.83798
28.179712830014036,31.85059,57.01873
28.22139879573891,31.84075,57.19949
28.263084761463784,31.83091,57.38024
28.304770727188657,31.82107,57.56099
28.34645669291353,31.81124,57.74174
28.388142658638404,31.8014,57.92249
28.429828624363278,31.79156,58.10324
28.47151459008815,31.78172,58.28399
28.513200555813025,31.77188,58.46474
28.5548865215379,31.76205,58.64549
28.596572487262772,31.75221,58.82624
28.638258452987646,31.74237,59.00699
28.67994441871252,31.73253,59.18774
28.721630384437393,31.7227,59.36849
28.763316350162267,31.71286,59.54924
28.80500231588714,31.70302,59.72999
28.846688281612014,31.69318,59.91074
28.888374247336888,31.68334,60.09149
28.93006021306176,31.67351,60.27224
28.971746178786635,31.66367,60.45299
29.01343214451151,31.63524,60.62234
29.055118110236382,31.56771,60.7677
29.096804075961256,31.50018,60.91306
29.13849004168613,31.43265,61.05841
29.180176007411003,31.36511,61.20377
29.221861973135876,31.29758,61.34913
29.26354793886075,31.23005,61.49449
29.305233904585624,31.16252,61.63985
29.346919870310497,31.09499,61.78521
29.38860583603537,31.02746,61.93057
29.430291801760244,30.95993,62.07593
29.471977767485118,30.8924,62.22129
29.51366373320999,30.82486,62.36665
29.555349698934865,30.75733,62.512
29.59703566465974,30.6898,62.65736
29.638721630384612,30.62227,62.80272
29.680407596109486,30.55474,62.94808
29.72209356183436,30.48721,63.09344
29.763779527559233,30.41968,63.2388
29.805465493284107,30.35215,63.38416
29.84715145900898,30.28461,63.52952
29.888837424733854,30.21708,63.67488
29.930523390458728,30.14955,63.82024
29.9722093561836,30.08202,63.96559
30.013895321908475,30.0354,64.07331
30.05558128763335,30.03061,64.10574
30.097267253358222,30.02581,64.13817
30.138953219083096,30.02102,64.17061
30.18063918480797,30.01623,64.20304
30.222325150532843,30.01143,64.23547
30.264011116257716,30.00664,64.2679
30.30569708198259,30.00184,64.30033
30.347383047707464,29.99705,64.33276
30.389069013432337,29.99226,64.3652
30.43075497915721,29.98746,64.39763
30.472440944882084,29.98267,64.43006
30.514126910606958,29.97788,64.46249
30.55581287633183,29.97308,64.49492
30.597498842056705,29.96829,64.52735
30.63918480778158,29.96349,64.55979
30.680870773506452,29.9587,64.59222
30.722556739231326,29.95391,64.62465
30.7642427049562,29.94911,64.65708
30.805928670681073,29.94432,64.68951
30.847614636405947,29.93952,64.72194
30.88930060213082,29.93473,64.75438
30.930986567855694,29.92994,64.78681
30.972672533580567,29.92514,64.81924
31.01435849930544,29.92703,64.84237
31.056044465030315,29.94162,64.84779
31.09773043075519,29.95621,64.8532
31.139416396480062,29.9708,64.85862
31.181102362204935,29.98539,64.86404
31.22278832792981,29.99998,64.86946
31.264474293654683,30.01457,64.87488
31.306160259379556,30.02916,64.8803
31.34784622510443,30.04375,64.88572
31.389532190829303,30.05834,64.89114
31.431218156554177,30.07293,64.89656
31.47290412227905,30.08752,64.90198
31.514590088003924,30.10211,64.9074
31.556276053728798,30.1167,64.91282
31.59796201945367,30.13129,64.91824
31.639647985178545,30.14588,64.92365
31.68133395090342,30.16047,64.92907
31.723019916628292,30.17506,64.93449
31.764705882353166,30.18965,64.93991
31.80639184807804,30.20424,64.94533
31.848077813802913,30.21883,64.95075
31.889763779527787,30.23342,64.95617
31.93144974525266,30.24801,64.96159
31.973135710977534,30.2626,64.96701
32.014821676702404,30.28181,64.95896
32.05650764242728,30.30941,64.92651
32.09819360815215,30.337,64.89406
32.139879573877025,30.3646,64.8616
32.1815655396019,30.3922,64.82915
32.22325150532677,30.41979,64.7967
32.264937471051645,30.44739,64.76425
32.30662343677652,30.47498,64.73179
32.34830940250139,30.50258,64.69934
32.389995368226266,30.53018,64.66689
32.43168133395114,30.55777,64.63444
32.47336729967601,30.58537,64.60198
32.51505326540089,30.61297,64.56953
32.55673923112576,30.64056,64.53708
32.598425196850634,30.66816,64.50463
32.64011116257551,30.69575,64.47217
32.68179712830038,30.72335,64.43972
32.723483094025255,30.75095,64.40727
32.76516905975013,30.77854,64.37482
32.806855025475,30.80614,64.34236
32.848540991199876,30.83373,64.30991
32.89022695692475,30.86133,64.27746
32.93191292264962,30.88893,64.24501
32.9735988883745,30.91652,64.21255
33.01528485409937,30.91966,64.22572
33.056970819824244,30.88056,64.31768
33.09865678554912,30.84146,64.40964
33.14034275127399,30.80236,64.5016
33.182028716998865,30.76326,64.59356
33.22371468272374,30.72416,64.68551
33.26540064844861,30.68505,64.77747
33.307086614173485,30.64595,64.86943
33.34877257989836,30.60685,64.96139
33.39045854562323,30.56775,65.05335
33.432144511348106,30.52865,65.14531
33.47383047707298,30.48955,65.23727
33.51551644279785,30.45045,65.32923
33.55720240852273,30.41134,65.42119
33.5988883742476,30.37224,65.51315
33.640574339972474,30.33314,65.60511
33.68226030569735,30.29404,65.69707
33.72394627142222,30.25494,65.78903
33.765632237147095,30.21584,65.88098
33.80731820287197,30.17674,65.97294
33.84900416859684,30.13763,66.0649
33.890690134321716,30.09853,66.15686
33.93237610004659,30.05943,66.24882
33.97406206577146,30.02033,66.34078
34.01574803149634,29.99131,66.41025
34.05743399722121,29.97888,66.44268
34.099119962946084,29.96646,66.47512
34.14080592867096,29.95404,66.50755
34.18249189439583,29.94162,66.53998
34.224177860120705,29.92919,66.57241
34.26586382584558,29.91677,66.60484
34.30754979157045,29.90435,66.63727
34.349235757295325,29.89193,66.66971
34.3909217230202,29.87951,66.70214
34.43260768874507,29.86708,66.73457
34.474293654469946,29.85466,66.767
34.51597962019482,29.84224,66.79943
34.55766558591969,29.82982,66.83186
34.59935155164457,29.81739,66.8643
34.64103751736944,29.80497,66.89673
34.682723483094314,29.79255,66.92916
34.72440944881919,29.78013,66.96159
34.76609541454406,29.7677,66.99402
34.807781380268935,29.75528,67.02645
34.84946734599381,29.74286,67.05889
34.89115331171868,29.73044,67.09132
34.932839277443556,29.71801,67.12375
34.97452524316843,29.70559,67.15618
35.0162112088933,29.69484,67.20545
35.05789717461818,29.68671,67.28117
35.09958314034305,29.67858,67.35689
35.141269106067924,29.67045,67.43262
35.1829550717928,29.66232,67.50834
35.22464103751767,29.65419,67.58406
35.266327003242544,29.64607,67.65978
35.30801296896742,29.63794,67.73551
35.34969893469229,29.62981,67.81123
35.391384900417165,29.62168,67.88695
35.43307086614204,29.61355,67.96267
35.47475683186691,29.60542,68.0384
35.516442797591786,29.59729,68.11412
35.55812876331666,29.58916,68.18984
35.59981472904153,29.58104,68.26556
35.64150069476641,29.57291,68.34129
35.68318666049128,29.56478,68.41701
35.724872626216154,29.55665,68.49273
35.76655859194103,29.54852,68.56845
35.8082445576659,29.54039,68.64418
35.849930523390775,29.53226,68.7199
35.89161648911565,29.52413,68.79562
35.93330245484052,29.51601,68.87134
35.974988420565396,29.50788,68.94707
36.01667438629027,29.48753,69.01642
36.05836035201514,29.44884,69.07622
36.100046317740016,29.41016,69.13602
36.14173228346489,29.37147,69.19581
36.183418249189764,29.33279,69.25561
36.22510421491464,29.2941,69.31541
36.26679018063951,29.25542,69.37521
36.308476146364384,29.21673,69.43501
36.35016211208926,29.17805,69.49481
36.39184807781413,29.13936,69.55461
36.433534043539005,29.10068,69.6144
36.47522000926388,29.062,69.6742
36.51690597498875,29.02331,69.734
36.558591940713626,28.98463,69.7938
36.6002779064385,28.94594,69.8536
36.64196387216337,28.90726,69.9134
36.68364983788825,28.86857,69.9732
36.72533580361312,28.82989,70.03299
36.767021769337994,28.7912,70.09279
36.80870773506287,28.75252,70.15259
36.85039370078774,28.71383,70.21239
36.892079666512615,28.67515,70.27219
36.93376563223749,28.63647,70.33199
36.97545159796236,28.59778,70.39179
37.017137563687236,28.59334,70.37573
37.05882352941211,28.63794,70.25103
37.10050949513698,28.68255,70.12633
37.142195460861856,28.72715,70.00162
37.18388142658673,28.77175,69.87692
37.2255673923116,28.81636,69.75222
37.26725335803648,28.86096,69.62751
37.30893932376135,28.90557,69.50281
37.350625289486224,28.95017,69.3781
37.3923112552111,28.99477,69.2534
37.43399722093597,29.03938,69.1287
37.475683186660845,29.08398,69.00399
37.51736915238572,29.12858,68.87929
37.55905511811059,29.17319,68.75459
37.600741083835466,29.21779,68.62988
37.64242704956034,29.2624,68.50518
37.68411301528521,29.307,68.38048
37.72579898101009,29.3516,68.25577
37.76748494673496,29.39621,68.13107
37.809170912459834,29.44081,68.00637
37.85085687818471,29.48542,67.88166
37.89254284390958,29.53002,67.75696
37.934228809634455,29.57462,67.63225
37.97591477535933,29.61923,67.50755
38.0176007410842,29.70745,67.34242
38.059286706809075,29.85535,67.12196
38.10097267253395,30.00325,66.90151
38.14265863825882,30.15115,66.68105
38.184344603983696,30.29905,66.46059
38.22603056970857,30.44696,66.24014
38.26771653543344,30.59486,66.01968
38.30940250115832,30.74276,65.79922
38.35108846688319,30.89066,65.57877
38.392774432608064,31.03856,65.35831
38.43446039833294,31.18647,65.13786
38.47614636405781,31.33437,64.9174
38.517832329782685,31.48227,64.69694
38.55951829550756,31.63017,64.47649
38.60120426123243,31.77807,64.25603
38.642890226957306,31.92597,64.03558
38.68457619268218,32.07388,63.81512
38.72626215840705,32.22178,63.59466
38.76794812413193,32.36968,63.37421
38.8096340898568,32.51758,63.15375
38.851320055581674,32.66548,62.93329
38.89300602130655,32.81339,62.71284
38.93469198703142,32.96129,62.49238
38.976377952756295,33.10919,62.27193
39.01806391848117,33.45946,62.07566
39.05974988420604,34.07437,61.91102
39.101435849930915,34.68928,61.74638
39.14312181565579,35.30419,61.58174
39.18480778138066,35.9191,61.4171
39.226493747105536,36.53401,61.25246
39.26817971283041,37.14892,61.08782
39.30986567855528,37.76383,60.92319
39.35155164428016,38.37874,60.75855
39.39323761000503,38.99365,60.59391
39.434923575729904,39.60856,60.42927
39.47660954145478,40.22347,60.26463
39.51829550717965,40.83838,60.09999
39.559981472904525,41.45329,59.93535
39.6016674386294,42.0682,59.77071
39.64335340435427,42.68311,59.60608
39.685039370079146,43.29802,59.44144
39.72672533580402,43.91293,59.2768
39.76841130152889,44.52784,59.11216
39.81009726725377,45.14274,58.94752
39.85178323297864,45.75765,58.78288
39.893469198703514,46.37256,58.61824
39.93515516442839,46.98747,58.4536
39.97684113015326,47.60238,58.28897
40.018527095878135,47.74044,58.26972
40.06021306160301,47.28244,58.43221
40.10189902732788,46.82444,58.5947
40.143584993052755,46.36643,58.75719
40.18527095877763,45.90843,58.91969
40.2269569245025,45.45042,59.08218
40.268642890227376,44.99242,59.24467
40.31032885595225,44.53442,59.40716
40.35201482167712,44.07641,59.56965
40.393700787402,43.61841,59.73215
40.43538675312687,43.16041,59.89464
40.477072718851744,42.7024,60.05713
40.51875868457662,42.2444,60.21962
40.56044465030149,41.78639,60.38211
40.602130616026365,41.32839,60.54461
40.64381658175124,40.87039,60.7071
40.68550254747611,40.41238,60.86959
40.727188513200986,39.95438,61.03208
40.76887447892586,39.49638,61.19457
40.81056044465073,39.03837,61.35706
40.852246410375606,38.58037,61.51956
40.89393237610048,38.12236,61.68205
40.935618341825354,37.66436,61.84454
40.97730430755023,37.20636,62.00703
41.0189902732751,36.88336,62.03357
41.060676238999974,36.7217,61.89763
41.10236220472485,36.56004,61.7617
41.14404817044972,36.39838,61.62576
41.185734136174595,36.23672,61.48982
41.22742010189947,36.07506,61.35388
41.26910606762434,35.91341,61.21795
41.310792033349216,35.75175,61.08201
41.35247799907409,35.59009,60.94607
41.39416396479896,35.42843,60.81013
41.43584993052384,35.26677,60.67419
41.47753589624871,35.10512,60.53826
41.519221861973584,34.94346,60.40232
41.56090782769846,34.7818,60.26638
41.60259379342333,34.62014,60.13044
41.644279759148205,34.45848,59.9945
41.68596572487308,34.29682,59.85857
41.72765169059795,34.13517,59.72263
41.769337656322826,33.97351,59.58669
41.8110236220477,33.81185,59.45075
41.85270958777257,33.65019,59.31481
41.894395553497446,33.48853,59.17888
41.93608151922232,33.32688,59.04294
41.977767484947194,33.16522,58.907
42.01945345067207,33.13689,58.71893
42.06113941639694,33.26095,58.47127
42.102825382121814,33.38501,58.22361
42.14451134784669,33.50907,57.97596
42.18619731357156,33.63312,57.7283
42.227883279296435,33.75718,57.48065
42.26956924502131,33.88124,57.23299
42.31125521074618,34.0053,56.98533
42.352941176471056,34.12935,56.73768
42.39462714219593,34.25341,56.49002
42.4363131079208,34.37747,56.24236
42.47799907364568,34.50153,55.99471
42.51968503937055,34.62558,55.74705
42.561371005095424,34.74964,55.49939
42.6030569708203,34.8737,55.25174
42.64474293654517,34.99775,55.00408
42.686428902270045,35.12181,54.75643
42.72811486799492,35.24587,54.50877
42.76980083371979,35.36993,54.26111
42.811486799444666,35.49398,54.01346
42.85317276516954,35.61804,53.7658
42.89485873089441,35.7421,53.51814
42.936544696619286,35.86616,53.27049
42.97823066234416,35.99021,53.02283
43.01991662806903,36.25797,52.84353
43.06160259379391,36.68279,52.73894
43.10328855951878,37.10761,52.63435
43.144974525243654,37.53244,52.52976
43.18666049096853,37.95726,52.42517
43.2283464566934,38.38208,52.32058
43.270032422418275,38.8069,52.21599
43.31171838814315,39.23172,52.1114
43.35340435386802,39.65654,52.00681
43.395090319592896,40.08137,51.90222
43.43677628531777,40.50619,51.79763
43.47846225104264,40.93101,51.69304
43.52014821676752,41.35583,51.58845
43.56183418249239,41.78065,51.48386
43.603520148217264,42.20547,51.37927
43.64520611394214,42.6303,51.27468
43.68689207966701,43.05512,51.17009
43.728578045391885,43.47994,51.0655
43.77026401111676,43.90476,50.96091
43.81194997684163,44.32958,50.85632
43.853635942566505,44.7544,50.75173
43.89532190829138,45.17923,50.64714
43.93700787401625,45.60405,50.54255
43.978693839741126,46.02887,50.43796
44.020379805466,46.17795,50.43848
44.06206577119087,46.03876,50.54888
44.10375173691575,45.89957,50.65929
44.14543770264062,45.76038,50.76969
44.187123668365494,45.62119,50.8801
44.22880963409037,45.482,50.9905
44.27049559981524,45.34282,51.10091
44.312181565540115,45.20363,51.21131
44.35386753126499,45.06444,51.32172
44.39555349698986,44.92525,51.43212
44.437239462714736,44.78606,51.54253
44.47892542843961,44.64687,51.65293
44.52061139416448,44.50768,51.76334
44.56229735988936,44.36849,51.87374
44.60398332561423,44.2293,51.98415
44.645669291339104,44.09011,52.09456
44.68735525706398,43.95092,52.20496
44.72904122278885,43.81173,52.31537
44.770727188513725,43.67254,52.42577
44.8124131542386,43.53335,52.53618
44.85409911996347,43.39416,52.64658
44.895785085688345,43.25497,52.75699
44.93747105141322,43.11578,52.86739
44.97915701713809,42.97659,52.9778
45.020842982862966,42.69957,53.19281
45.06252894858784,42.28471,53.51244
45.10421491431271,41.86985,53.83207
45.14590088003759,41.45499,54.15169
45.18758684576246,41.04014,54.47132
45.229272811487334,40.62528,54.79095
45.27095877721221,40.21042,55.11058
45.31264474293708,39.79556,55.4302
45.354330708661955,39.3807,55.74983
45.39601667438683,38.96584,56.06946
45.4377026401117,38.55098,56.38908
45.479388605836576,38.13612,56.70871
45.52107457156145,37.72127,57.02834
45.56276053728632,37.30641,57.34797
45.6044465030112,36.89155,57.66759
45.64613246873607,36.47669,57.98722
45.687818434460944,36.06183,58.30685
45.72950440018582,35.64697,58.62647
45.77119036591069,35.23211,58.9461
45.812876331635564,34.81725,59.26573
45.85456229736044,34.4024,59.58536
45.89624826308531,33.98754,59.90498
45.937934228810185,33.57268,60.22461
45.97962019453506,33.15782,60.54424
46.02130616025993,32.96207,60.7006
46.062992125984806,32.97591,60.70078
46.10467809170968,32.98975,60.70097
46.14636405743455,33.00359,60.70116
46.18805002315943,33.01743,60.70135
46.2297359888843,33.03127,60.70153
46.271421954609174,33.04511,60.70172
46.31310792033405,33.05895,60.70191
46.35479388605892,33.07279,60.7021
46.396479851783795,33.08663,60.70228
46.43816581750867,33.10047,60.70247
46.47985178323354,33.11431,60.70266
46.521537748958416,33.12815,60.70285
46.56322371468329,33.14199,60.70303
46.60490968040816,33.15583,60.70322
46.646595646133036,33.16967,60.70341
46.68828161185791,33.18351,60.7036
46.729967577582784,33.19735,60.70378
46.77165354330766,33.21119,60.70397
46.81333950903253,33.22503,60.70416
46.855025474757404,33.23887,60.70435
46.89671144048228,33.25271,60.70454
46.93839740620715,33.26655,60.70472
46.980083371932025,33.28039,60.70491
47.0217693376569,33.65079,60.5268
47.06345530338177,34.3474,60.18555
47.105141269106646,35.04402,59.84431
47.14682723483152,35.74063,59.50307
47.18851320055639,36.43724,59.16183
47.23019916628127,37.13386,58.82059
47.27188513200614,37.83047,58.47935
47.313571097731014,38.52709,58.13811
47.35525706345589,39.2237,57.79687
47.39694302918076,39.92031,57.45562
47.438628994905635,40.61693,57.11438
47.48031496063051,41.31354,56.77314
47.52200092635538,42.01016,56.4319
47.563686892080256,42.70677,56.09066
47.60537285780513,43.40339,55.74942
47.64705882353,44.1,55.40818
47.688744789254876,44.79661,55.06694
47.73043075497975,45.49323,54.72569
47.772116720704624,46.18984,54.38445
47.8138026864295,46.88646,54.04321
47.85548865215437,47.58307,53.70197
47.897174617879244,48.27969,53.36073
47.93886058360412,48.9763,53.01949
47.98054654932899,49.67291,52.67825
48.022232515053865,49.89311,52.59242
48.06391848077874,49.69643,52.73009
48.10560444650361,49.49976,52.86776
48.147290412228486,49.30308,53.00543
48.18897637795336,49.10641,53.14309
48.23066234367823,48.90974,53.28076
48.27234830940311,48.71306,53.41843
48.31403427512798,48.51639,53.5561
48.355720240852854,48.31971,53.69377
48.39740620657773,48.12304,53.83143
48.4390921723026,47.92636,53.9691
48.480778138027475,47.72969,54.10677
48.52246410375235,47.53301,54.24444
48.56415006947722,47.33634,54.38211
48.605836035202096,47.13967,54.51977
48.64752200092697,46.94299,54.65744
48.68920796665184,46.74632,54.79511
48.730893932376716,46.54964,54.93278
48.77257989810159,46.35297,55.07045
48.81426586382646,46.15629,55.20811
48.85595182955134,45.95962,55.34578
48.89763779527621,45.76294,55.48345
48.939323761001084,45.56627,55.62112
48.98100972672596,45.3696,55.75878
49.02269569245083,44.98557,56.09283
49.064381658175705,44.44478,56.59118
49.10606762390058,43.90398,57.08954
49.14775358962545,43.36319,57.58789
49.189439555350326,42.8224,58.08625
49.2311255210752,42.28161,58.58461
49.27281148680007,41.74082,59.08296
49.31449745252495,41.20002,59.58132
49.35618341824982,40.65923,60.07967
49.397869383974694,40.11844,60.57803
49.43955534969957,39.57765,61.07638
49.48124131542444,39.03686,61.57474
49.522927281149315,38.49606,62.0731
49.56461324687419,37.95527,62.57145
49.60629921259906,37.41448,63.06981
49.647985178323935,36.87369,63.56816
49.68967114404881,36.3329,64.06652
49.73135710977368,35.7921,64.56487
49.773043075498556,35.25131,65.06323
49.81472904122343,34.71052,65.56159
49.8564150069483,34.16973,66.05994
49.89810097267318,33.62894,66.5583
49.93978693839805,33.08814,67.05665
49.981472904122924,32.54735,67.55501
50.0231588698478,32.37812,67.66602
50.06484483557267,32.50614,67.46716
50.106530801297545,32.63416,67.26829
50.14821676702242,32.76217,67.06943
50.18990273274729,32.89019,66.87057
50.231588698472166,33.01821,66.67171
50.27327466419704,33.14623,66.47284
50.31496062992191,33.27424,66.27398
50.35664659564679,33.40226,66.07512
50.39833256137166,33.53028,65.87625
50.440018527096534,33.6583,65.67739
50.48170449282141,33.78631,65.47853
50.52339045854628,33.91433,65.27967
50.565076424271155,34.04235,65.0808
50.60676238999603,34.17037,64.88194
50.6484483557209,34.29838,64.68308
50.690134321445775,34.4264,64.48421
50.73182028717065,34.55442,64.28535
50.77350625289552,34.68244,64.08649
50.815192218620396,34.81046,63.88763
50.85687818434527,34.93847,63.68876
50.89856415007014,35.06649,63.4899
50.94025011579502,35.19451,63.29104
50.98193608151989,35.32253,63.09217
51.023622047244764,35.40661,62.91961
51.06530801296964,35.45709,62.76717
51.10699397869451,35.50757,62.61472
51.148679944419385,35.55805,62.46228
51.19036591014426,35.60853,62.30983
51.23205187586913,35.65901,62.15739
51.273737841594006,35.7095,62.00494
51.31542380731888,35.75998,61.8525
51.35710977304375,35.81046,61.70005
51.39879573876863,35.86094,61.5476
51.4404817044935,35.91142,61.39516
51.482167670218374,35.96191,61.24271
51.52385363594325,36.01239,61.09027
51.56553960166812,36.06287,60.93782
51.607225567392994,36.11335,60.78538
51.64891153311787,36.16383,60.63293
51.69059749884274,36.21431,60.48048
51.732283464567615,36.2648,60.32804
51.77396943029249,36.31528,60.17559
51.81565539601736,36.36576,60.02315
51.857341361742236,36.41624,59.8707
51.89902732746711,36.46672,59.71826
51.94071329319198,36.5172,59.56581
51.98239925891686,36.56769,59.41337
52.02408522464173,36.59295,59.36621
52.065771190366604,36.59979,59.39599
52.10745715609148,36.60662,59.42578
52.14914312181635,36.61346,59.45556
52.190829087541225,36.6203,59.48535
52.2325150532661,36.62713,59.51513
52.27420101899097,36.63397,59.54492
52.315886984715846,36.64081,59.5747
52.35757295044072,36.64764,59.60449
52.39925891616559,36.65448,59.63427
52.440944881890466,36.66131,59.66406
52.48263084761534,36.66815,59.69384
52.524316813340214,36.67499,59.72362
52.56600277906509,36.68182,59.75341
52.60768874478996,36.68866,59.78319
52.649374710514834,36.6955,59.81298
52.69106067623971,36.70233,59.84276
52.73274664196458,36.70917,59.87255
52.774432607689455,36.71601,59.90233
52.81611857341433,36.72284,59.93212
52.8578045391392,36.72968,59.9619
52.899490504864076,36.73652,59.99169
52.94117647058895,36.74335,60.02147
52.98286243631382,36.75019,60.05126
53.0245484020387,36.72813,60.0471
53.06623436776357,36.6859,60.01926
53.107920333488444,36.64368,59.99141
53.14960629921332,36.60145,59.96356
53.19129226493819,36.55922,59.93572
53.232978230663065,36.51699,59.90787
53.27466419638794,36.47477,59.88002
53.31635016211281,36.43254,59.85218
53.358036127837686,36.39031,59.82433
53.39972209356256,36.34808,59.79649
53.44140805928743,36.30585,59.76864
53.483094025012306,36.26363,59.74079
53.52477999073718,36.2214,59.71295
53.566465956462054,36.17917,59.6851
53.60815192218693,36.13694,59.65725
53.6498378879118,36.09471,59.62941
53.691523853636674,36.05249,59.60156
53.73320981936155,36.01026,59.57372
53.77489578508642,35.96803,59.54587
53.816581750811295,35.9258,59.51802
53.85826771653617,35.88357,59.49018
53.89995368226104,35.84135,59.46233
53.941639647985916,35.79912,59.43448
53.98332561371079,35.75689,59.40664
54.02501157943566,35.73922,59.53914
54.06669754516054,35.73793,59.77854
54.10838351088541,35.73664,60.01795
54.150069476610284,35.73535,60.25735
54.19175544233516,35.73406,60.49675
54.23344140806003,35.73276,60.73615
54.275127373784905,35.73147,60.97556
54.31681333950978,35.73018,61.21496
54.35849930523465,35.72889,61.45436
54.400185270959525,35.72759,61.69376
54.4418712366844,35.7263,61.93317
54.48355720240927,35.72501,62.17257
54.525243168134146,35.72372,62.41197
54.56692913385902,35.72243,62.65137
54.60861509958389,35.72113,62.89078
54.65030106530877,35.71984,63.13018
54.69198703103364,35.71855,63.36958
54.733672996758514,35.71726,63.60898
54.77535896248339,35.71596,63.84839
54.81704492820826,35.71467,64.08779
54.858730893933135,35.71338,64.32719
54.90041685965801,35.71209,64.56659
54.94210282538288,35.71079,64.806
54.983788791107756,35.7095,65.0454
55.02547475683263,35.72291,64.94842
55.0671607225575,35.74567,64.63738
55.10884668828238,35.76843,64.32634
55.15053265400725,35.79119,64.0153
55.192218619732124,35.81395,63.70426
55.233904585457,35.83671,63.39322
55.27559055118187,35.85947,63.08218
55.317276516906745,35.88223,62.77114
55.35896248263162,35.90499,62.4601
55.40064844835649,35.92775,62.14906
55.442334414081365,35.95051,61.83802
55.48402037980624,35.97328,61.52698
55.52570634553111,35.99604,61.21594
55.567392311255986,36.0188,60.9049
55.60907827698086,36.04156,60.59386
55.65076424270573,36.06432,60.28282
55.69245020843061,36.08708,59.97178
55.73413617415548,36.10984,59.66074
55.775822139880354,36.1326,59.3497
55.81750810560523,36.15536,59.03866
55.8591940713301,36.17812,58.72762
55.900880037054975,36.20088,58.41658
55.94256600277985,36.22364,58.10554
55.98425196850472,36.2464,57.7945
56.025937934229596,36.23184,57.68526
56.06762389995447,36.19461,57.69854
56.10930986567934,36.15739,57.71182
56.15099583140422,36.12016,57.72509
56.19268179712909,36.08294,57.73837
56.234367762853964,36.04571,57.75165
56.27605372857884,36.00848,57.76492
56.31773969430371,35.97126,57.7782
56.359425660028585,35.93403,57.79148
56.40111162575346,35.89681,57.80475
56.44279759147833,35.85958,57.81803
56.484483557203205,35.82236,57.83131
56.52616952292808,35.78513,57.84458
56.56785548865295,35.74791,57.85786
56.609541454377826,35.71068,57.87114
56.6512274201027,35.67345,57.88442
56.69291338582757,35.63623,57.89769
56.73459935155245,35.599,57.91097
56.77628531727732,35.56178,57.92425
56.817971283002194,35.52455,57.93752
56.85965724872707,35.48733,57.9508
56.90134321445194,35.4501,57.96408
56.943029180176815,35.41287,57.97735
56.98471514590169,35.37565,57.99063
57.02640111162656,35.31086,58.12501
57.068087077351436,35.23012,58.3295
57.10977304307631,35.14937,58.53399
57.15145900880118,35.06862,58.73848
57.19314497452606,34.98788,58.94297
57.23483094025093,34.90713,59.14746
57.276516905975804,34.82639,59.35195
57.31820287170068,34.74564,59.55644
57.35988883742555,34.6649,59.76093
57.401574803150424,34.58415,59.96543
57.4432607688753,34.5034,60.16992
57.48494673460017,34.42266,60.37441
57.526632700325045,34.34191,60.5789
57.56831866604992,34.26117,60.78339
57.61000463177479,34.18042,60.98788
57.651690597499666,34.09968,61.19237
57.69337656322454,34.01893,61.39686
57.73506252894941,33.93818,61.60135
57.77674849467429,33.85744,61.80584
57.81843446039916,33.77669,62.01033
57.860120426124034,33.69595,62.21482
57.90180639184891,33.6152,62.41931
57.94349235757378,33.53446,62.6238
57.985178323298655,33.45371,62.82829
58.02686428902353,33.38954,62.88342
58.0685502547484,33.33451,62.85613
58.110236220473276,33.27949,62.82885
58.15192218619815,33.22446,62.80157
58.19360815192302,33.16944,62.77428
58.235294117647896,33.11441,62.747
58.27698008337277,33.05939,62.71972
58.318666049097644,33.00436,62.69243
58.36035201482252,32.94934,62.66515
58.40203798054739,32.89431,62.63787
58.443723946272264,32.83928,62.61058
58.48540991199714,32.78426,62.5833
58.52709587772201,32.72923,62.55602
58.568781843446885,32.67421,62.52873
58.61046780917176,32.61918,62.50145
58.65215377489663,32.56416,62.47417
58.693839740621506,32.50913,62.44688
58.73552570634638,32.45411,62.4196
58.77721167207125,32.39908,62.39231
58.81889763779613,32.34406,62.36503
58.860583603521,32.28903,62.33775
58.902269569245874,32.234,62.31046
58.94395553497075,32.17898,62.28318
58.98564150069562,32.12395,62.2559
59.027327466420495,32.13716,62.25414
59.06901343214537,32.18623,62.26579
59.11069939787024,32.23529,62.27744
59.152385363595116,32.28436,62.28909
59.19407132931999,32.33342,62.30074
59.23575729504486,32.38249,62.31239
59.277443260769736,32.43155,62.32405
59.31912922649461,32.48062,62.3357
59.36081519221948,32.52968,62.34735
59.40250115794436,32.57874,62.359
59.44418712366923,32.62781,62.37065
59.485873089394104,32.67687,62.3823
59.52755905511898,32.72594,62.39395
59.56924502084385,32.775,62.4056
59.610930986568725,32.82407,62.41726
59.6526169522936,32.87313,62.42891
59.69430291801847,32.92219,62.44056
59.735988883743346,32.97126,62.45221
59.77767484946822,33.02032,62.46386
59.81936081519309,33.06939,62.47551
59.86104678091797,33.11845,62.48716
59.90273274664284,33.16752,62.49881
59.944418712367714,33.21658,62.51047
59.98610467809259,33.26565,62.52212
60.02779064381746,33.31482,62.43125
60.069476609542335,33.36405,62.28912
60.11116257526721,33.41328,62.14699
60.15284854099208,33.46251,62.00486
60.194534506716955,33.51175,61.86273
60.23622047244183,33.56098,61.72061
60.2779064381667,33.61021,61.57848
60.319592403891576,33.65944,61.43635
60.36127836961645,33.70867,61.29422
60.40296433534132,33.7579,61.15209
60.4446503010662,33.80713,61.00996
60.48633626679107,33.85636,60.86784
60.528022232515944,33.90559,60.72571
60.56970819824082,33.95483,60.58358
60.61139416396569,34.00406,60.44145
60.653080129690565,34.05329,60.29932
60.69476609541544,34.10252,60.15719
60.73645206114031,34.15175,60.01507
60.778138026865186,34.20098,59.87294
60.81982399259006,34.25021,59.73081
60.86150995831493,34.29944,59.58868
60.90319592403981,34.34867,59.44655
60.94488188976468,34.39791,59.30443
60.986567855489554,34.44714,59.1623
61.02825382121443,34.43808,59.18054
61.0699397869393,34.40131,59.27502
61.111625752664175,34.36455,59.3695
61.15331171838905,34.32778,59.46398
61.19499768411392,34.29101,59.55846
61.236683649838795,34.25425,59.65294
61.27836961556367,34.21748,59.74742
61.32005558128854,34.18071,59.84191
61.361741547013416,34.14394,59.93639
61.40342751273829,34.10718,60.03087
61.44511347846316,34.07041,60.12535
61.48679944418804,34.03364,60.21983
61.52848540991291,33.99688,60.31431
61.570171375637784,33.96011,60.40879
61.61185734136266,33.92334,60.50327
61.65354330708753,33.88657,60.59776
61.695229272812405,33.84981,60.69224
61.73691523853728,33.81304,60.78672
61.77860120426215,33.77627,60.8812
61.820287169987026,33.73951,60.97568
61.8619731357119,33.70274,61.07016
61.90365910143677,33.66597,61.16464
61.94534506716165,33.62921,61.25912
61.98703103288652,33.59244,61.35361
62.028716998611394,33.49809,61.50094
62.07040296433627,33.37775,61.67214
62.11208893006114,33.2574,61.84335
62.153774895786015,33.13705,62.01455
62.19546086151089,33.0167,62.18576
62.23714682723576,32.89636,62.35696
62.278832792960635,32.77601,62.52817
62.32051875868551,32.65566,62.69937
62.36220472441038,32.53531,62.87057
62.403890690135256,32.41497,63.04178
62.44557665586013,32.29462,63.21298
62.487262621585,32.17427,63.38419
62.52894858730988,32.05393,63.55539
62.57063455303475,31.93358,63.7266
62.612320518759624,31.81323,63.8978
62.6540064844845,31.69288,64.069
62.69569245020937,31.57254,64.24021
62.737378415934245,31.45219,64.41141
62.77906438165912,31.33184,64.58262
62.82075034738399,31.21149,64.75382
62.862436313108866,31.09115,64.92503
62.90412227883374,30.9708,65.09623
62.94580824455861,30.85045,65.26743
62.98749421028349,30.7301,65.43864
63.02918017600836,30.80932,65.29887
63.070866141733234,30.97406,65.02583
63.11255210745811,31.13881,64.75278
63.15423807318298,31.30355,64.47974
63.195924038907854,31.46829,64.2067
63.23761000463273,31.63303,63.93365
63.2792959703576,31.79778,63.66061
63.320981936082475,31.96252,63.38757
63.36266790180735,32.12726,63.11453
63.40435386753222,32.29201,62.84148
63.446039833257096,32.45675,62.56844
63.48772579898197,32.62149,62.2954
63.52941176470684,32.78624,62.02235
63.57109773043172,32.95098,61.74931
63.61278369615659,33.11572,61.47627
63.654469661881464,33.28046,61.20322
63.69615562760634,33.44521,60.93018
63.73784159333121,33.60995,60.65714
63.779527559056085,33.77469,60.38409
63.82121352478096,33.93944,60.11105
63.86289949050583,34.10418,59.83801
63.904585456230706,34.26892,59.56497
63.94627142195558,34.43366,59.29192
63.98795738768045,34.59841,59.01888
64.02964335340532,34.57918,59.11109
64.07132931913019,34.48522,59.35168
64.11301528485505,34.39126,59.59227
64.15470125057992,34.2973,59.83286
64.19638721630479,34.20334,60.07345
64.23807318202965,34.10938,60.31404
64.27975914775452,34.01542,60.55463
64.32144511347938,33.92146,60.79522
64.36313107920425,33.8275,61.03581
64.40481704492912,33.73354,61.2764
64.44650301065398,33.63958,61.51699
64.48818897637885,33.54562,61.75758
64.52987494210372,33.45166,61.99817
64.57156090782858,33.3577,62.23876
64.61324687355345,33.26374,62.47935
64.65493283927832,33.16978,62.71994
64.69661880500318,33.07582,62.96054
64.73830477072805,32.98186,63.20113
64.77999073645292,32.8879,63.44172
64.82167670217778,32.79394,63.68231
64.86336266790265,32.69998,63.9229
64.90504863362752,32.60602,64.16349
64.94673459935238,32.51206,64.40408
64.98842056507725,32.4181,64.64467
65.03010653080212,32.43969,64.63244
65.07179249652698,32.50572,64.52297
65.11347846225185,32.57175,64.41351
65.15516442797671,32.63778,64.30404
65.19685039370158,32.70381,64.19457
65.23853635942645,32.76984,64.0851
65.28022232515131,32.83587,63.97564
65.32190829087618,32.9019,63.86617
65.36359425660105,32.96793,63.7567
65.40528022232591,33.03396,63.64723
65.44696618805078,33.09999,63.53777
65.48865215377565,33.16603,63.4283
65.53033811950051,33.23206,63.31883
65.57202408522538,33.29809,63.20936
65.61371005095025,33.36412,63.0999
65.65539601667511,33.43015,62.99043
65.69708198239998,33.49618,62.88096
65.73876794812485,33.56221,62.7715
65.78045391384971,33.62824,62.66203
65.82213987957458,33.69427,62.55256
65.86382584529944,33.7603,62.44309
65.90551181102431,33.82633,62.33363
65.94719777674918,33.89236,62.22416
65.98888374247404,33.95839,62.11469
66.03056970819891,33.90648,62.16973
66.07225567392378,33.81169,62.2846
66.11394163964864,33.7169,62.39947
66.15562760537351,33.6221,62.51433
66.19731357109838,33.52731,62.6292
66.23899953682324,33.43252,62.74406
66.28068550254811,33.33772,62.85893
66.32237146827298,33.24293,62.97379
66.36405743399784,33.14813,63.08866
66.40574339972271,33.05334,63.20353
66.44742936544758,32.95855,63.31839
66.48911533117244,32.86375,63.43326
66.53080129689731,32.76896,63.54812
66.57248726262218,32.67416,63.66299
66.61417322834704,32.57937,63.77785
66.65585919407191,32.48458,63.89272
66.69754515979677,32.38978,64.00759
66.73923112552164,32.29499,64.12245
66.78091709124651,32.20019,64.23732
66.82260305697137,32.1054,64.35218
66.86428902269624,32.01061,64.46705
66.90597498842111,31.91581,64.58191
66.94766095414597,31.82102,64.69678
66.98934691987084,31.72623,64.81165
67.0310328855957,31.64046,64.86918
67.07271885132057,31.5578,64.90703
67.11440481704544,31.47514,64.94488
67.1560907827703,31.39247,64.98273
67.19777674849517,31.30981,65.02058
67.23946271422004,31.22715,65.05843
67.2811486799449,31.14448,65.09628
67.32283464566977,31.06182,65.13413
67.36452061139464,30.97916,65.17198
67.4062065771195,30.89649,65.20984
67.44789254284437,30.81383,65.24769
67.48957850856924,30.73117,65.28554
67.5312644742941,30.6485,65.32339
67.57295044001897,30.56584,65.36124
67.61463640574384,30.48318,65.39909
67.6563223714687,30.40051,65.43694
67.69800833719357,30.31785,65.47479
67.73969430291844,30.23519,65.51264
67.7813802686433,30.15252,65.55049
67.82306623436817,30.06986,65.58834
67.86475220009304,29.9872,65.62619
67.9064381658179,29.90453,65.66405
67.94812413154277,29.82187,65.7019
67.98981009726764,29.73921,65.73975
68.0314960629925,29.82256,65.69138
68.07318202871737,29.95962,65.61511
68.11486799444224,30.09669,65.53885
68.1565539601671,30.23375,65.46258
68.19823992589197,30.37081,65.38632
68.23992589161683,30.50788,65.31006
68.2816118573417,30.64494,65.23379
68.32329782306657,30.782,65.15753
68.36498378879143,30.91907,65.08126
68.4066697545163,31.05613,65.005
68.44835572024117,31.19319,64.92873
68.49004168596603,31.33026,64.85247
68.5317276516909,31.46732,64.7762
68.57341361741577,31.60438,64.69994
68.61509958314063,31.74145,64.62368
68.6567855488655,31.87851,64.54741
68.69847151459037,32.01557,64.47115
68.74015748031523,32.15264,64.39488
68.7818434460401,32.2897,64.31862
68.82352941176497,32.42676,64.24235
68.86521537748983,32.56383,64.16609
68.9069013432147,32.70089,64.08982
68.94858730893957,32.83796,64.01356
68.99027327466443,32.97502,63.9373
69.0319592403893,33.01656,63.92504
69.07364520611416,33.02902,63.93228
69.11533117183903,33.04148,63.93951
69.1570171375639,33.05395,63.94674
69.19870310328876,33.06641,63.95397
69.24038906901363,33.07888,63.96121
69.2820750347385,33.09134,63.96844
69.32376100046336,33.1038,63.97567
69.36544696618823,33.11627,63.98291
69.4071329319131,33.12873,63.99014
69.44881889763796,33.1412,63.99737
69.49050486336283,33.15366,64.0046
69.5321908290877,33.16613,64.01184
69.57387679481256,33.17859,64.01907
69.61556276053743,33.19105,64.0263
69.6572487262623,33.20352,64.03353
69.69893469198716,33.21598,64.04077
69.74062065771203,33.22845,64.048
69.7823066234369,33.24091,64.05523
69.82399258916176,33.25337,64.06246
69.86567855488663,33.26584,64.0697
69.9073645206115,33.2783,64.07693
69.94905048633636,33.29077,64.08416
69.99073645206123,33.30323,64.09139
70.0324224177861,33.27105,64.04007
70.07410838351096,33.22611,63.97202
70.11579434923583,33.18117,63.90397
70.1574803149607,33.13624,63.83591
70.19916628068556,33.0913,63.76786
70.24085224641043,33.04636,63.69981
70.2825382121353,33.00142,63.63176
70.32422417786016,32.95649,63.5637
70.36591014358503,32.91155,63.49565
70.40759610930989,32.86661,63.4276
70.44928207503476,32.82167,63.35955
70.49096804075963,32.77674,63.29149
70.53265400648449,32.7318,63.22344
70.57433997220936,32.68686,63.15539
70.61602593793422,32.64192,63.08734
70.65771190365909,32.59699,63.01929
70.69939786938396,32.55205,62.95123
70.74108383510882,32.50711,62.88318
70.78276980083369,32.46217,62.81513
70.82445576655856,32.41724,62.74708
70.86614173228342,32.3723,62.67902
70.90782769800829,32.32736,62.61097
70.94951366373316,32.28242,62.54292
70.99119962945802,32.23749,62.47487
71.03288559518289,32.23441,62.6506
71.07457156090776,32.24254,62.89156
71.11625752663262,32.25067,63.13253
71.15794349235749,32.2588,63.37349
71.19962945808236,32.26693,63.61446
71.24131542380722,32.27506,63.85542
71.28300138953209,32.28319,64.09639
71.32468735525696,32.29131,64.33736
71.36637332098182,32.29944,64.57832
71.40805928670669,32.30757,64.81929
71.44974525243155,32.3157,65.06025
71.49143121815642,32.32383,65.30122
71.53311718388129,32.33196,65.54218
71.57480314960615,32.34009,65.78315
71.61648911533102,32.34822,66.02412
71.65817508105589,32.35634,66.26508
71.69986104678075,32.36447,66.50605
71.74154701250562,32.3726,66.74701
71.78323297823049,32.38073,66.98798
71.82491894395535,32.38886,67.22894
71.86660490968022,32.39699,67.46991
71.90829087540509,32.40512,67.71088
71.94997684112995,32.41325,67.95184
71.99166280685482,32.42137,68.19281
72.03334877257969,32.49847,67.92267
72.07503473830455,32.5928,67.52476
72.11672070402942,32.68714,67.12684
72.15840666975429,32.78147,66.72893
72.20009263547915,32.87581,66.33102
72.24177860120402,32.97014,65.9331
72.28346456692888,33.06448,65.53519
72.32515053265375,33.15882,65.13728
72.36683649837862,33.25315,64.73936
72.40852246410348,33.34749,64.34145
72.45020842982835,33.44182,63.94354
72.49189439555322,33.53616,63.54562
72.53358036127808,33.63049,63.14771
72.57526632700295,33.72483,62.7498
72.61695229272782,33.81916,62.35188
72.65863825845268,33.9135,61.95397
72.70032422417755,34.00783,61.55606
72.74201018990242,34.10217,61.15814
72.78369615562728,34.1965,60.76023
72.82538212135215,34.29084,60.36231
72.86706808707702,34.38518,59.9644
72.90875405280188,34.47951,59.56649
72.95044001852675,34.57385,59.16857
72.99212598425162,34.66818,58.77066
73.03381194997648,34.69215,58.6648
73.07549791570135,34.69974,58.62695
73.11718388142621,34.70733,58.5891
73.15886984715108,34.71491,58.55125
73.20055581287595,34.7225,58.5134
73.24224177860081,34.73009,58.47554
73.28392774432568,34.73767,58.43769
73.32561371005055,34.74526,58.39984
73.36729967577541,34.75285,58.36199
73.40898564150028,34.76044,58.32414
73.45067160722515,34.76802,58.28629
73.49235757295001,34.77561,58.24844
73.53404353867488,34.7832,58.21059
73.57572950439975,34.79078,58.17274
73.61741547012461,34.79837,58.13489
73.65910143584948,34.80596,58.09704
73.70078740157435,34.81354,58.05919
73.74247336729921,34.82113,58.02133
73.78415933302408,34.82872,57.98348
73.82584529874894,34.8363,57.94563
73.86753126447381,34.84389,57.90778
73.90921723019868,34.85148,57.86993
73.95090319592354,34.85906,57.83208
73.99258916164841,34.86665,57.79423
74.03427512737328,34.84322,57.70383
74.07596109309814,34.81308,57.60208
74.11764705882301,34.78294,57.50032
74.15933302454788,34.7528,57.39857
74.20101899027274,34.72266,57.29681
74.24270495599761,34.69252,57.19506
74.28439092172248,34.66239,57.0933
74.32607688744734,34.63225,56.99155
74.36776285317221,34.60211,56.88979
74.40944881889708,34.57197,56.78804
74.45113478462194,34.54183,56.68628
74.49282075034681,34.51169,56.58452
74.53450671607168,34.48155,56.48277
74.57619268179654,34.45141,56.38101
74.61787864752141,34.42127,56.27926
74.65956461324627,34.39113,56.1775
74.70125057897114,34.361,56.07575
74.74293654469601,34.33086,55.97399
74.78462251042087,34.30072,55.87224
74.82630847614574,34.27058,55.77048
74.86799444187061,34.24044,55.66873
74.90968040759547,34.2103,55.56697
74.95136637332034,34.18016,55.46521
74.9930523390452,34.15002,55.36346
75.03473830477007,34.13472,55.40272
75.07642427049494,34.12238,55.47019
75.1181102362198,34.11004,55.53766
75.15979620194467,34.0977,55.60513
75.20148216766954,34.08536,55.6726
75.2431681333944,34.07302,55.74007
75.28485409911927,34.06068,55.80754
75.32654006484414,34.04834,55.87501
75.368226030569,34.03601,55.94247
75.40991199629387,34.02367,56.00994
75.45159796201874,34.01133,56.07741
75.4932839277436,33.99899,56.14488
75.53496989346847,33.98665,56.21235
75.57665585919334,33.97431,56.27982
75.6183418249182,33.96197,56.34729
75.66002779064307,33.94963,56.41475
75.70171375636794,33.93729,56.48222
75.7433997220928,33.92495,56.54969
75.78508568781767,33.91261,56.61716
75.82677165354254,33.90028,56.68463
75.8684576192674,33.88794,56.7521
75.91014358499227,33.8756,56.81957
75.95182955071714,33.86326,56.88704
75.993515516442,33.85092,56.9545
76.03520148216687,33.87924,56.77912
76.07688744789174,33.91505,56.559
76.1185734136166,33.95085,56.33887
76.16025937934147,33.98666,56.11875
76.20194534506633,34.02247,55.89863
76.2436313107912,34.05828,55.6785
76.28531727651607,34.09409,55.45838
76.32700324224093,34.1299,55.23826
76.3686892079658,34.1657,55.01814
76.41037517369067,34.20151,54.79801
76.45206113941553,34.23732,54.57789
76.4937471051404,34.27313,54.35777
76.53543307086527,34.30894,54.13765
76.57711903659013,34.34475,53.91752
76.618805002315,34.38055,53.6974
76.66049096803987,34.41636,53.47728
76.70217693376473,34.45217,53.25715
76.7438628994896,34.48798,53.03703
76.78554886521447,34.52379,52.81691
76.82723483093933,34.55959,52.59679
76.8689207966642,34.5954,52.37666
76.91060676238907,34.63121,52.15654
76.95229272811393,34.66702,51.93642
76.9939786938388,34.70283,51.7163
77.03566465956366,34.91928,51.64844
77.07735062528853,35.16623,51.6063
77.1190365910134,35.41317,51.56415
77.16072255673826,35.66012,51.52201
77.20240852246313,35.90707,51.47986
77.244094488188,36.15402,51.43772
77.28578045391286,36.40096,51.39558
77.32746641963773,36.64791,51.35343
77.3691523853626,36.89486,51.31129
77.41083835108746,37.14181,51.26914
77.45252431681233,37.38875,51.227
77.4942102825372,37.6357,51.18485
77.53589624826206,37.88265,51.14271
77.57758221398693,38.1296,51.10056
77.6192681797118,38.37654,51.05842
77.66095414543666,38.62349,51.01628
77.70264011116153,38.87044,50.97413
77.7443260768864,39.11739,50.93199
77.78601204261126,39.36434,50.88984
77.82769800833613,39.61128,50.8477
77.869383974061,39.85823,50.80555
77.91106993978586,40.10518,50.76341
77.95275590551073,40.35213,50.72126
77.9944418712356,40.59907,50.67912
78.03612783696046,40.33185,50.83848
78.07781380268533,39.98552,51.02884
78.1194997684102,39.6392,51.2192
78.16118573413506,39.29287,51.40955
78.20287169985993,38.94654,51.59991
78.2445576655848,38.60021,51.79027
78.28624363130966,38.25389,51.98063
78.32792959703453,37.90756,52.17099
78.36961556275939,37.56123,52.36135
78.41130152848426,37.21491,52.55171
78.45298749420913,36.86858,52.74207
78.49467345993399,36.52225,52.93243
78.53635942565886,36.17593,53.12279
78.57804539138372,35.8296,53.31314
78.61973135710859,35.48327,53.5035
78.66141732283346,35.13694,53.69386
78.70310328855832,34.79062,53.88422
78.74478925428319,34.44429,54.07458
78.78647522000806,34.09796,54.26494
78.82816118573292,33.75164,54.4553
78.86984715145779,33.40531,54.64566
78.91153311718266,33.05898,54.83602
78.95321908290752,32.71266,55.02637
78.99490504863239,32.36633,55.21673
79.03659101435726,32.10691,55.34154
79.07827698008212,31.85958,55.45722
79.11996294580699,31.61226,55.5729
79.16164891153186,31.36494,55.68858
79.20333487725672,31.11761,55.80425
79.24502084298159,30.87029,55.91993
79.28670680870646,30.62297,56.03561
79.32839277443132,30.37565,56.15129
79.37007874015619,30.12832,56.26697
79.41176470588105,29.881,56.38265
79.45345067160592,29.63368,56.49833
79.49513663733079,29.38635,56.614
79.53682260305565,29.13903,56.72968
79.57850856878052,28.89171,56.84536
79.62019453450539,28.64439,56.96104
79.66188050023025,28.39706,57.07672
79.70356646595512,28.14974,57.1924
79.74525243167999,27.90242,57.30808
79.78693839740485,27.65509,57.42375
79.82862436312972,27.40777,57.53943
79.87031032885459,27.16045,57.65511
79.91199629457945,26.91313,57.77079
79.95368226030432,26.6658,57.88647
79.99536822602919,26.41848,58.00215
80.03705419175405,26.4375,57.95381
80.07874015747892,26.48982,57.88496
80.12042612320379,26.54213,57.81612
80.16211208892865,26.59445,57.74727
80.20379805465352,26.64677,57.67843
80.24548402037838,26.69908,57.60958
80.28716998610325,26.7514,57.54074
80.32885595182812,26.80371,57.47189
80.37054191755298,26.85603,57.40305
80.41222788327785,26.90835,57.33421
80.45391384900272,26.96066,57.26536
80.49559981472758,27.01298,57.19652
80.53728578045245,27.06529,57.12767
80.57897174617732,27.11761,57.05883
80.62065771190218,27.16993,56.98998
80.66234367762705,27.22224,56.92114
80.70402964335192,27.27456,56.8523
80.74571560907678,27.32687,56.78345
80.78740157480165,27.37919,56.71461
80.82908754052652,27.4315,56.64576
80.87077350625138,27.48382,56.57692
80.91245947197625,27.53614,56.50807
80.95414543770111,27.58845,56.43923
80.99583140342598,27.64077,56.37038
81.03751736915085,27.63662,56.41972
81.07920333487571,27.6262,56.48219
81.12088930060058,27.61578,56.54465
81.16257526632545,27.60536,56.60712
81.20426123205031,27.59493,56.66959
81.24594719777518,27.58451,56.73205
81.28763316350005,27.57409,56.79452
81.32931912922491,27.56367,56.85698
81.37100509494978,27.55325,56.91945
81.41269106067465,27.54283,56.98192
81.45437702639951,27.53241,57.04438
81.49606299212438,27.52198,57.10685
81.53774895784925,27.51156,57.16932
81.57943492357411,27.50114,57.23178
81.62112088929898,27.49072,57.29425
81.66280685502385,27.4803,57.35672
81.70449282074871,27.46988,57.41918
81.74617878647358,27.45946,57.48165
81.78786475219844,27.44903,57.54412
81.82955071792331,27.43861,57.60658
81.87123668364818,27.42819,57.66905
81.91292264937304,27.41777,57.73151
81.95460861509791,27.40735,57.79398
81.99629458082278,27.39693,57.85645
82.03798054654764,27.36129,57.89134
82.07966651227251,27.32318,57.92354
82.12135247799738,27.28508,57.95574
82.16303844372224,27.24698,57.98795
82.20472440944711,27.20888,58.02015
82.24641037517198,27.17078,58.05235
82.28809634089684,27.13268,58.08455
82.32978230662171,27.09458,58.11676
82.37146827234658,27.05648,58.14896
82.41315423807144,27.01838,58.18116
82.45484020379631,26.98028,58.21336
82.49652616952118,26.94218,58.24557
82.53821213524604,26.90407,58.27777
82.57989810097091,26.86597,58.30997
82.62158406669577,26.82787,58.34217
82.66327003242064,26.78977,58.37438
82.70495599814551,26.75167,58.40658
82.74664196387037,26.71357,58.43878
82.78832792959524,26.67547,58.47098
82.8300138953201,26.63737,58.50319
82.87169986104497,26.59927,58.53539
82.91338582676984,26.56117,58.56759
82.9550717924947,26.52306,58.59979
82.99675775821957,26.48496,58.632
83.03844372394444,26.51629,58.54719
83.0801296896693,26.55348,58.45253
83.12181565539417,26.59066,58.35786
83.16350162111904,26.62784,58.26319
83.2051875868439,26.66503,58.16852
83.24687355256877,26.70221,58.07385
83.28855951829364,26.7394,57.97918
83.3302454840185,26.77658,57.88451
83.37193144974337,26.81376,57.78984
83.41361741546824,26.85095,57.69517
83.4553033811931,26.88813,57.60051
83.49698934691797,26.92531,57.50584
83.53867531264284,26.9625,57.41117
83.5803612783677,26.99968,57.3165
83.62204724409257,27.03687,57.22183
83.66373320981744,27.07405,57.12716
83.7054191755423,27.11123,57.03249
83.74710514126717,27.14842,56.93782
83.78879110699204,27.1856,56.84316
83.8304770727169,27.22279,56.74849
83.87216303844177,27.25997,56.65382
83.91384900416664,27.29715,56.55915
83.9555349698915,27.33434,56.46448
83.99722093561637,27.37152,56.36981
84.03890690134124,27.34855,56.1749
84.0805928670661,27.32129,55.97283
84.12227883279097,27.29403,55.77075
84.16396479851583,27.26677,55.56868
84.2056507642407,27.2395,55.36661
84.24733672996557,27.21224,55.16454
84.28902269569043,27.18498,54.96246
84.3307086614153,27.15772,54.76039
84.37239462714017,27.13045,54.55832
84.41408059286503,27.10319,54.35624
84.4557665585899,27.07593,54.15417
84.49745252431477,27.04867,53.9521
84.53913849003963,27.0214,53.75003
84.5808244557645,26.99414,53.54795
84.62251042148937,26.96688,53.34588
84.66419638721423,26.93962,53.14381
84.7058823529391,26.91235,52.94174
84.74756831866397,26.88509,52.73966
84.78925428438883,26.85783,52.53759
84.8309402501137,26.83057,52.33552
84.87262621583857,26.8033,52.13344
84.91431218156343,26.77604,51.93137
84.9559981472883,26.74878,51.7293
84.99768411301316,26.72151,51.52723
85.03937007873803,27.01209,51.23836
85.0810560444629,27.32135,50.94439
85.12274201018776,27.63062,50.65042
85.16442797591263,27.93989,50.35645
85.2061139416375,28.24916,50.06248
85.24779990736236,28.55843,49.76852
85.28948587308723,28.8677,49.47455
85.3311718388121,29.17696,49.18058
85.37285780453696,29.48623,48.88661
85.41454377026183,29.7955,48.59264
85.4562297359867,30.10477,48.29867
85.49791570171156,30.41404,48.0047
85.53960166743643,30.7233,47.71073
85.5812876331613,31.03257,47.41676
85.62297359888616,31.34184,47.12279
85.66465956461103,31.65111,46.82882
85.7063455303359,31.96038,46.53485
85.74803149606076,32.26965,46.24088
85.78971746178563,32.57891,45.94691
85.8314034275105,32.88818,45.65294
85.87308939323536,33.19745,45.35897
85.91477535896023,33.50672,45.065
85.9564613246851,33.81599,44.77103
85.99814729040996,34.12525,44.47707
86.03983325613483,34.15597,44.32343
86.0815192218597,34.17373,44.17632
86.12320518758456,34.19149,44.02921
86.16489115330943,34.20924,43.8821
86.20657711903429,34.227,43.73499
86.24826308475916,34.24476,43.58788
86.28994905048403,34.26252,43.44077
86.33163501620889,34.28028,43.29366
86.37332098193376,34.29803,43.14655
86.41500694765863,34.31579,42.99944
86.45669291338349,34.33355,42.85233
86.49837887910836,34.35131,42.70522
86.54006484483322,34.36907,42.55811
86.58175081055809,34.38683,42.411
86.62343677628296,34.40458,42.26389
86.66512274200782,34.42234,42.11678
86.70680870773269,34.4401,41.96967
86.74849467345756,34.45786,41.82256
86.79018063918242,34.47562,41.67545
86.83186660490729,34.49338,41.52834
86.87355257063216,34.51113,41.38123
86.91523853635702,34.52889,41.23412
86.95692450208189,34.54665,41.08701
86.99861046780676,34.56441,40.9399
87.04029643353162,34.58555,40.8703
87.08198239925649,34.60681,40.80338
87.12366836498136,34.62807,40.73645
87.16535433070622,34.64933,40.66952
87.20704029643109,34.67059,40.6026
87.24872626215596,34.69185,40.53567
87.29041222788082,34.71311,40.46874
87.33209819360569,34.73437,40.40182
87.37378415933055,34.75563,40.33489
87.41547012505542,34.77689,40.26796
87.45715609078029,34.79815,40.20104
87.49884205650515,34.81941,40.13411
87.54052802223002,34.84067,40.06718
87.58221398795489,34.86193,40.00026
87.62389995367975,34.88319,39.93333
87.66558591940462,34.90445,39.8664
87.70727188512949,34.92571,39.79947
87.74895785085435,34.94697,39.73255
87.79064381657922,34.96823,39.66562
87.83232978230409,34.98949,39.59869
87.87401574802895,35.01075,39.53177
87.91570171375382,35.03201,39.46484
87.95738767947869,35.05327,39.39791
87.99907364520355,35.07453,39.33099
88.04075961092842,34.89313,39.56044
88.08244557665329,34.70713,39.79664
88.12413154237815,34.52113,40.03283
88.16581750810302,34.33512,40.26902
88.20750347382788,34.14912,40.50521
88.24918943955275,33.96312,40.74141
88.29087540527762,33.77711,40.9776
88.33256137100248,33.59111,41.21379
88.37424733672735,33.40511,41.44999
88.41593330245222,33.21911,41.68618
88.45761926817708,33.0331,41.92237
88.49930523390195,32.8471,42.15856
88.54099119962682,32.6611,42.39476
88.58267716535168,32.47509,42.63095
88.62436313107655,32.28909,42.86714
88.66604909680142,32.10309,43.10333
88.70773506252628,31.91709,43.33953
88.74942102825115,31.73108,43.57572
88.79110699397602,31.54508,43.81191
88.83279295970088,31.35908,44.0481
88.87447892542575,31.17308,44.2843
88.91616489115061,30.98707,44.52049
88.95785085687548,30.80107,44.75668
88.99953682260035,30.61507,44.99288
89.04122278832521,30.5153,45.07854
89.08290875405008,30.41651,45.16252
89.12459471977495,30.31771,45.2465
89.16628068549981,30.21891,45.33047
89.20796665122468,30.12012,45.41445
89.24965261694955,30.02132,45.49843
89.29133858267441,29.92253,45.5824
89.33302454839928,29.82373,45.66638
89.37471051412415,29.72494,45.75035
89.41639647984901,29.62614,45.83433
89.45808244557388,29.52734,45.91831
89.49976841129875,29.42855,46.00228
89.54145437702361,29.32975,46.08626
89.58314034274848,29.23096,46.17024
89.62482630847335,29.13216,46.25421
89.66651227419821,29.03337,46.33819
89.70819823992308,28.93457,46.42217
89.74988420564794,28.83577,46.50614
89.79157017137281,28.73698,46.59012
89.83325613709768,28.63818,46.67409
89.87494210282254,28.53939,46.75807
89.91662806854741,28.44059,46.84205
89.95831403427228,28.3418,46.92602
89.99999999999714,28.243,47.01
90.04168596572201,28.243,47.01
90.08337193144688,28.243,47.01
90.12505789717174,28.243,47.01
90.16674386289661,28.243,47.01
90.20842982862148,28.243,47.01
90.25011579434634,28.243,47.01
90.29180176007121,28.243,47.01
90.33348772579608,28.243,47.01
90.37517369152094,28.243,47.01
90.41685965724581,28.243,47.01
90.45854562297068,28.243,47.01
90.50023158869554,28.243,47.01
90.54191755442041,28.243,47.01
90.58360352014527,28.243,47.01
90.62528948587014,28.243,47.01
90.66697545159501,28.243,47.01
90.70866141731987,28.243,47.01
90.75034738304474,28.243,47.01
90.7920333487696,28.243,47.01
90.83371931449447,28.243,47.01
90.87540528021934,28.243,47.01
90.9170912459442,28.243,47.01
90.95877721166907,28.243,47.01
91.00046317739394,28.243,47.01
91.0421491431188,28.243,47.01
91.08383510884367,28.243,47.01
91.12552107456854,28.243,47.01
91.1672070402934,28.243,47.01
91.20889300601827,28.243,47.01
91.25057897174314,28.243,47.01
91.292264937468,28.243,47.01
91.33395090319287,28.243,47.01
91.37563686891774,28.243,47.01
91.4173228346426,28.243,47.01
91.45900880036747,28.243,47.01
91.50069476609234,28.243,47.01
91.5423807318172,28.243,47.01
91.58406669754207,28.243,47.01
91.62575266326694,28.243,47.01
91.6674386289918,28.243,47.01
91.70912459471667,28.243,47.01
91.75081056044154,28.243,47.01
91.7924965261664,28.243,47.01
91.83418249189127,28.243,47.01
91.87586845761614,28.243,47.01
91.917554423341,28.243,47.01
91.95924038906587,28.243,47.01
92.00092635479074,28.243,47.01
92.0426123205156,28.243,47.01
92.08429828624047,28.243,47.01
92.12598425196533,28.243,47.01
92.1676702176902,28.243,47.01
92.20935618341507,28.243,47.01
92.25104214913993,28.243,47.01
92.2927281148648,28.243,47.01
92.33441408058967,28.243,47.01
92.37610004631453,28.243,47.01
92.4177860120394,28.243,47.01
92.45947197776427,28.243,47.01
92.50115794348913,28.243,47.01
92.542843909214,28.243,47.01
92.58452987493887,28.243,47.01
92.62621584066373,28.243,47.01
92.6679018063886,28.243,47.01
92.70958777211347,28.243,47.01
92.75127373783833,28.243,47.01
92.7929597035632,28.243,47.01
92.83464566928807,28.243,47.01
92.87633163501293,28.243,47.01
92.9180176007378,28.243,47.01
92.95970356646266,28.243,47.01
93.00138953218753,28.243,47.01
93.0430754979124,28.243,47.01
93.08476146363726,28.243,47.01
93.12644742936213,28.243,47.01
93.168133395087,28.243,47.01
93.20981936081186,28.243,47.01
93.25150532653673,28.243,47.01
93.2931912922616,28.243,47.01
93.33487725798646,28.243,47.01
93.37656322371133,28.243,47.01
93.4182491894362,28.243,47.01
93.45993515516106,28.243,47.01
93.50162112088593,28.243,47.01
93.5433070866108,28.243,47.01
93.58499305233566,28.243,47.01
93.62667901806053,28.243,47.01
93.6683649837854,28.243,47.01
93.71005094951026,28.243,47.01
93.75173691523513,28.243,47.01
93.79342288096,28.243,47.01
93.83510884668486,28.243,47.01
93.87679481240973,28.243,47.01
93.9184807781346,28.243,47.01
93.96016674385946,28.243,47.01
94.00185270958433,28.243,47.01
94.0435386753092,28.243,47.01
94.08522464103406,28.243,47.01
94.12691060675893,28.243,47.01
94.16859657248379,28.243,47.01
94.21028253820866,28.243,47.01
94.25196850393353,28.243,47.01
94.29365446965839,28.243,47.01
94.33534043538326,28.243,47.01
94.37702640110813,28.243,47.01
94.41871236683299,28.243,47.01
94.46039833255786,28.243,47.01
94.50208429828272,28.243,47.01
94.54377026400759,28.243,47.01
94.58545622973246,28.243,47.01
94.62714219545732,28.243,47.01
94.66882816118219,28.243,47.01
94.71051412690706,28.243,47.01
94.75220009263192,28.243,47.01
94.79388605835679,28.243,47.01
94.83557202408166,28.243,47.01
94.87725798980652,28.243,47.01
94.91894395553139,28.243,47.01
94.96062992125626,28.243,47.01
95.00231588698112,28.243,47.01
95.04400185270599,28.243,47.01
95.08568781843086,28.243,47.01
95.12737378415572,28.243,47.01
95.16905974988059,28.243,47.01
95.21074571560546,28.243,47.01
95.25243168133032,28.243,47.01
95.29411764705519,28.243,47.01
95.33580361278005,28.243,47.01
95.37748957850492,28.243,47.01
95.41917554422979,28.243,47.01
95.46086150995465,28.243,47.01
95.50254747567952,28.243,47.01
95.54423344140439,28.243,47.01
95.58591940712925,28.243,47.01
95.62760537285412,28.243,47.01
95.66929133857899,28.243,47.01
95.71097730430385,28.243,47.01
95.75266327002872,28.243,47.01
95.79434923575359,28.243,47.01
95.83603520147845,28.243,47.01
95.87772116720332,28.243,47.01
95.91940713292819,28.243,47.01
95.96109309865305,28.243,47.01
96.00277906437792,28.243,47.01
96.04446503010278,28.243,47.01
96.08615099582765,28.243,47.01
96.12783696155252,28.243,47.01
96.16952292727738,28.243,47.01
96.21120889300225,28.243,47.01
96.25289485872712,28.243,47.01
96.29458082445198,28.243,47.01
96.33626679017685,28.243,47.01
96.37795275590172,28.243,47.01
96.41963872162658,28.243,47.01
96.46132468735145,28.243,47.01
96.50301065307632,28.243,47.01
96.54469661880118,28.243,47.01
96.58638258452605,28.243,47.01
96.62806855025092,28.243,47.01
96.66975451597578,28.243,47.01
96.71144048170065,28.243,47.01
96.75312644742552,28.243,47.01
96.79481241315038,28.243,47.01
96.83649837887525,28.243,47.01
96.87818434460011,28.243,47.01
96.91987031032498,28.243,47.01
96.96155627604985,28.243,47.01
97.00324224177471,28.243,47.01
97.04492820749958,28.243,47.01
97.08661417322445,28.243,47.01
97.12830013894931,28.243,47.01
97.16998610467418,28.243,47.01
97.21167207039905,28.243,47.01
97.25335803612391,28.243,47.01
97.29504400184878,28.243,47.01
97.33672996757365,28.243,47.01
97.37841593329851,28.243,47.01
97.42010189902338,28.243,47.01
97.46178786474825,28.243,47.01
97.50347383047311,28.243,47.01
97.54515979619798,28.243,47.01
97.58684576192285,28.243,47.01
97.62853172764771,28.243,47.01
97.67021769337258,28.243,47.01
97.71190365909744,28.243,47.01
97.75358962482231,28.243,47.01
97.79527559054718,28.243,47.01
97.83696155627204,28.243,47.01
97.87864752199691,28.243,47.01
97.92033348772178,28.243,47.01
97.96201945344664,28.243,47.01
98.00370541917151,28.243,47.01
98.04539138489638,28.243,47.01
98.08707735062124,28.243,47.01
98.12876331634611,28.243,47.01
98.17044928207098,28.243,47.01
98.21213524779584,28.243,47.01
98.25382121352071,28.243,47.01
98.29550717924558,28.243,47.01
98.33719314497044,28.243,47.01
98.37887911069531,28.243,47.01
98.42056507642017,28.243,47.01
98.46225104214504,28.243,47.01
98.50393700786991,28.243,47.01
98.54562297359477,28.243,47.01
98.58730893931964,28.243,47.01
98.62899490504451,28.243,47.01
98.67068087076937,28.243,47.01
98.71236683649424,28.243,47.01
98.7540528022191,28.243,47.01
98.79573876794397,28.243,47.01
98.83742473366884,28.243,47.01
98.8791106993937,28.243,47.01
98.92079666511857,28.243,47.01
98.96248263084344,28.243,47.01
99.0041685965683,28.243,47.01
99.04585456229317,28.243,47.01
99.08754052801804,28.243,47.01
